商场几乎都没有活动,3
总体感觉蛮好的,4
但是货品实在不咋滴,2
人比较少,3
还是贵的,3
女装就很少啦,3
还不知道这家会不会出现呢,3
去龙之梦购物还是一站式蛮方便的,5
那些BA 也一个个死人脸一样,3
但唐宫等位要有耐心哦,3
整体环境不错,4
主要是去麦吉柯,3
人就没少过,3
就是布局实在是不喜欢,5
没有体力是一项不能完成的任务,3
综合型购物商场,5
已经车位停了超满,4
一条龙了,3
其实去正大的次数不多,3
夏天的时候去过奥特莱斯,3
以前住浦东的时候经常去逛,3
就吃了点东西,4
后面的大块都是B区,3
人山人海,3
是个休闲的好去处,5
以前比较喜欢在5楼以上吃饭,3
商场很大,5
一般去百货公司,3
大家都有诸多变化,3
购物也很方便,5
对不太逛得人来说容易迷路,3
左右两边搞不清楚~,3
在最上面几层餐厅非常多,5
很大,3
周六晚上去的,3
品质就不用说了,3
失望哒,3
格局还是不错的,4
其他店都没有什么顾客,3
有免费停车场,4
买过几次汗衫,3
看了很多,5
书店,5
哥哥说不错啊,4
逛的最多的大商场就是这里了,5
谁知道真的假的呢,3
感觉有点小,2
而且人暴多,3
非常便捷的购物中心,5
所以姐妹们注意了,3
釜山料理、豆捞坊、巴贝拉,3
有电影院,3
样子也不怎么样,3
东西很便宜,2
5楼吃的东东挺多,3
认真逛一天很难逛完的,3
综合性商场,3
先找好回去的车站,3
于是从那以后对正大实在有阴影 也不敢去了,3
找不到想找的地方,5
尺码少,1
停车场很大,4
餐饮,5
不过价格和外国的折扣店比真是差很多啊,2
到陆家嘴么正大必须要晃的,3
东西很多,5
但是能挑中的东西真的是越来越少了,1
继续关注,4
喝,3
打下来也不便宜,2
逛了吃,3
完全靠感觉,3
t啊,3
没去过的朋友可以多去玩玩,3
买东西品牌也比较多比较全,4
品种很多,5
人也够多,3
蔬菜、甜点、主食、面条,3
关键要懂挑选,3
要不然肯定要等30分钟以上,3
就不太去了~~~,3
是个购物shopping的好地方,5
娱乐,3
哈哈,3
车子很多成片的摆放,5
如果商场有些很空的地方再多些座位让人坐坐就更好了,2
坐车很方便快捷,3
但是太远,2
开始去就奔着运动品牌的鞋子去的,3
特价的么也满好额,4
服务员像个木头无所适从,5
东西都很好吃,4
地下室的易初莲花早已更改为进口超市,3
买了年卡,3
一般这里的衣服都是名牌的,3
地方很大,5
不过里面的东西说实话确实有点小贵,2
下次和BF一起来吃,3
因为商品感脚不是太全,2
早有听说龙之梦购物中心很不错,3
地下车库都没什么车子,3
其他的都差不多,3
一半的地方还给了爸爸泡芙等等,3
第一次来正大广场还是来上海不久,3
品牌不多,4
都会说如果有时间又想shopping就去正大广场吧,3
还应该多一些人性化的东西在里面,2
家乐福都可以逛逛,3
特别到了周末,5
常常走路都困难,3
是个很大的折扣购物中心,5
环境也很好,5
冷冷清清的,3
和正大差不多 几乎什么牌子都有,3
很多商铺和饭店,5
白天生意很好,3
熟的不能再熟的地方,2
里面餐厅商户繁多,5
觉得超级划算呢,5
有时候车都没法停,3
9楼偏偏是假货特卖会,3
好多牌子都没有,2
但是新款貌似不多,3
有时候吃吃,3
1楼有H&M和丝芙兰,5
吃喝玩乐样样都有,5
吃饭,3
对于正大广场还是很有感情的,3
价格从高到低都有,2
我就喜欢这样的商场,5
人好多好多,3
顿时让人有了血拼的欲望,3
因为地铁途径比较方便,4
上去便是龙之梦,3
龙之梦购物中心,3
夏天和几位朋友开车去的,3
话说第一次进去的时候真怕自己晕了,3
这点footzoon就喇叭腔了,3
地方很大,5
值得推荐,5
有些正大广场的商户消费可以免费停车2小时,5
时尚品牌,4
再加上其他商家搞活动,4
和他一起逛机器猫世界,3
甚至说不上正卡的也待考察,4
但是还是我比较长去的商场之一,5
皮带可以淘淘有的还蛮便宜,4
地方很大,5
刚开的时候人气不足,3
一条龙,3
经常去的一个购物中心,3
每次来总归是要逛一逛的~,3
我爱正大我爱正大,3
只不过是剪标商品,4
好几家店有时还是关着的,3
、,3
牌子挺多的,4
现在女鞋都到C区了,3
服务人员就很多,5
我经常会买点喜欢的衣服,3
慢慢逛的话呆一天没问题,3
同样是市中心相比人广那边要空旷一些,3
在里面呆久了身上也会沾染,5
里面购物、美食、娱乐、电影什么都有,5
VERO MODA都有打折,4
方便~,5
有的地方又冷的,4
一年也不超过5次,3
每小时十元,4
最便宜的也3500,2
第二次我和老公花了一个下午时间都还没逛完,3
所以难免有点点乱,3
现在的龙之梦是越来越热闹了,3
餐馆也多了,3
服饰品牌也很齐全~要玩么有汤姆熊~还有生活用品咯什么的~,5
逛一次就能满足吃喝玩乐购物的需要了,5
挺喜欢的下面逛HM IT等时尚小店,5
地下连接二号线的地方又有很多好吃的东西,5
这里吃饭的地方太多了,3
每次去中山公园就会去龙之梦逛逛,3
不过里面的还有一点好的就是吃的地方多,4
就属这里吃喝玩乐齐全,4
那里唯一不好的地方就是吃个饭都要排很久的队,2
哈哈哈哈,3
环境不错 没事的时候去逛逛是很好的选择 我经常下班就去那里逛逛的,4
不过就是停车很头疼啊,1
停车位很多,5
一般人都买的起,3
因为还是很具吸引力的,3
这次出行终于搞清了状况,3
因为停个车真心吃不消,3
每次上好课都到楼下家乐福买点东西,3
钱就没了,3
提醒他注意身材,3
还不如商场打折实惠,4
但是便宜了200多   大爱,4
类似于正大的模式吧,3
11点多到的样子,2
交通方便,4
从小吃,4
有空再去看看~,3
味道也挺好的,5
商场内品牌也较多,4
人太多,3
话说,3
个人去陆家嘴去的最多的地方了,3
韩国料理、豆捞坊、巴贝拉,3
受不了 来到上面,3
心疼啊,3
班车回来,4
所以在那儿停留的时间比较长,3
可以说是购物天堂了,5
也不用这么这么那个什么吧,1
交通很方便,4
高低层次分的不清,3
各种牌子的专卖店都有,5
一楼的H&M带来不少人气,4
价位都一般性的,3
一线品牌也蛮多的,3
甚至有的牌子还把新品拿出来买呢,4
一進去就是一股子人肉骨頭的味道,1
所以折扣还是一个不小的诱惑,3
有吃有喝有玩,5
以后有用到奢饰品的时候,3
2009,3
喜欢的牌子不少,4
那这个过了时间算谁的,3
至于商品本身,3
那么多店也说不过来,3
地铁也蛮方便的,5
基本上想买什么都有,3
7楼有个一年四季都在搞的特卖会,4
如果自己开车过来应该能方便一些,3
不过这里的餐饮实在是太挤了,3
就此作罢,3
单位集体活动,4
3000是tailor made的了,3
还有很多吃的DQ什么的,4
周末没有人收停车费,3
这边环境挺好的,5
太太很喜欢A片区的一个西班牙品牌店,3
去了几家商铺,4
不得不说的是,5
基本到哪家店吃饭都需要排队,3
全天最多四十,3
到晚上九点才回家,3
这里购物 吃饭 都比较全,3
黄金地段啊,5
打折力度蛮大的,5
其实现在到处都在打折,3
地下一楼还是易初莲花,3
3,3
可能是地段的原因吧,3
总之B2汇聚了很多小食,4
人太多,3
折扣,4
附近白领居多,3
可以提供吃喝玩乐一站式服务,5
周末的时候会有很多商家打折,4
辛苦朋友试穿了好几次呢,3
离家又很近,4
赞赞,3
诶~~~也没有信号~~~,2
吃的东东也很多,5
一下午就OK了,3
但人真的很多,
吃饭,3
靠近陆家嘴的一个很大的商场,3
还有家乐福,4
里面的东西还是比较全的,4
内部的话环境也非常的明亮、宽敞、干净,5
高兴的话还能上去威尔士跑跑步,3
过个马路5分钟步行时间就足够了,3
生活一般所需,3
要说的是楼下的那个九龙,3
很不错的,4
有各种品牌的专柜,5
还是去商店慢慢挑吧,3
喜欢整体构造  1F 2F 3F 4F购物 5F-8F美食  还有星美影城 一应俱全了啊,5
所以在这里吃喝玩乐样样皆有,5
陆家嘴地段,3
感觉象MANGO的感觉,5
以前经常有去,3
交通实在不方便,1
亲民的牌子也有哦,4
三种颜色都很漂亮,3
有价格亲民的也有贵的,4
使用规则：买单时须本人亲至收银处签字确认用券,1
感觉很大,3
有时候有大型的活动,4
去唐朝吃饭有3小时的免费停车券,4
可以选择的比较多的,4
每次去都没有淘到,3
一楼以上的也应该能兜很久,3
先去了奥特莱斯,4
地方很宽敞,4
这个半折很合算的,4
虽然都是品牌店,2
楼下嘛还有永乐、家乐福,3
周六停车相当紧张,5
但是里面那个灯光昏暗和乌烟瘴气啊,3
现在地铁出来不大方便啊,5
一楼HM和CA里面人一直很多,4
而且交通也比较方便,5
红中庭的,4
一站式购物环境,5
已不奢望有所创意,4
和老公第一次约会就在龙之梦呢~~所以特别有感情,3
有些中等品牌的东西买买还蛮值得的,4
就是不同的什么蓝中庭,4
我们朋友聚会都安排在这里,3
本来是想看看有没有darks的格子衬衫的,4
方便停车,5
看电影,3
去过2次吧,3
绝对是残根剩菜类的咯,5
她家的吃饭地方都在楼上的,3
发现根本没车给我们打,1
但是我家周围综合商场的确不多,4
以前总觉得龙之梦好小哦,3
不管哪家店生意都爆满,3
于是乎,3
星美的电影票机器坏低掉也让我错愕,3
各种品牌还是很齐全的,4
5折的东西还有得挑,4
周五去了一次,3
high死我了~~~,3
所以現在去的少了,3
吃饭到处人山人海的,3
很不错的一个综合性购物中心,4
次次都有收获,3
象征性的建筑都在这一块,5
旁边就是龙之梦万丽酒店了~对面还有国美电器,3
平时还好,3
感觉灯光暗了点,5
综合性的商场,3
很喜欢,3
COACH包包,3
永乐家电（还是苏宁啊,3
因为在龙之梦,3
所以,3
常见的品牌基本上也都有了,4
地方太大了,2
怎么还不回家,3
就是人很多哦,3
尤其是环境很优雅,5
就是不像百货店,5
很实惠,4
吃东西的地方也很多了,4
问我们价格如何啊,
再者就是正大是综合性广场,3
谁知道自动扶梯到了B1,3
大家要去之前三思,3
被个充满童趣的餐厅吸引,3
浦东人啊的,4
提前到的先随意转转,3
去过几次了但是每次去多好像买不到自己特别喜欢的东西,5
非常适合逛一天,3
品牌还是满多的,4
另外运动鞋第一是丑,3
前阵子天气热,3
也蛮常逛,3
每次都会带上几件,3
那边随便套西装都的万八千的,2
楼上还有汤姆熊和电影院可以娱乐,3
永远门口有无数等人的人啊~~,3
顶楼电影院KTV,3
环境也不错,4
边走边聊,3
服务就相当不好,5
青浦的,3
现在很少去了~,3
吃喝玩一应俱全,5
中低档居多,3
请向前行驶”,3
像汤姆熊也有,3
因此建议平常时候去,3
相对陆家嘴附近,3
这是个不错的休息之处,4
价格没有怎么便宜,2
吃饭——永乐——乱逛,3
乡气十足,3
我们主打B区,3
品牌店都齐了,4
9层楼,3
第一次来,3
也是经常想起来就会去的地方就是了,3
正大是我见过最不人性化的一个,3
但是逛下来有点小小的失望,3
还能那么多人- - 太牛了,3
真的蛮久的,5
正大是去的最多的购物商场,5
只是有些牌子的东西明显比商场内的要乱糟糟,2
转了1天,3
所以价格都还蛮贵的,2
找个停车位要兜上n圈,3
想象的到一整套coach的包也不过200-300美元,4
必点的是金枪鱼沙拉,3
离家蛮近的,4
郁闷,3
牌子到是蛮多的,4
钱包瘦身不少,
因为有太多的东西想买了 买的我都拿不动,3
这个也没办法,3
蛮喜欢逛正大的,3
牌子真的非常齐全,5
里面基本上都有了~吃的穿的用的,4
呵呵,3
上次过去找朋友和同学有这样的一个地方可以转转就挺好的,3
小舞逛了N久,3
HOHO,3
不过平时活动很少~~就H&M和C&A经常有些活动,4
周日去的,3
可以消磨一天时间在里面窝着,3
前几天去UR买了件衣服才40来块钱,3
就回家了  实在是太大  逛不完 累了,3
休息日常去之处,3
离家很近的,4
一楼除了化妆品还有一些珠宝首饰、C&A、H&M、Nike等品牌,4
哎,3
佘山站下来打车过去还要25块左右,3
- - 吃喝玩乐一站式到位,5
玩乐的天堂啊,5
正大广场很大哦,3
不过男裤的号好不全哦,2
要不然也不知道怎么回去了,3
还不如去楼下的超市逛逛,3
PAL ZILERI 07年之前一直2-3折,3
方便吗,3
一站式的,3
下了车才知道上当了,3
发现普通的阿迪达斯对于价值来说居然也超级贵,5
换了管理者才慢慢好起来,3
吃的地儿好多阿 广州蕉叶 港丽 葡京 喜欢港式的和咖喱,5
所以就买了双CAT,3
老妈说星尚一直介绍的 就去了,3
最多H&M里瞄一眼,3
人气非常旺,3
众多品牌店,5
避风塘不错,4
多的很壮观,4
虽然更迭了不少品牌,
于是如果相约,3
所以只能偶尔去去,3
还有个超大的溜冰场,4
早点去吧,3
综合商场里她家人气比较旺,4
主要这里性价比高,4
南京路的Forever21,3
到那里加上200元,5
吃的很多 可是人也很多,5
朝着东方明珠塔的一门口有一个小的四面佛,3
所以很喜欢逛,3
天壤之别啊   晕死   但是呢  绝对是会过日子的人必选之地  去看看吧 也好,3
集购物、娱乐、餐饮、电影于一身,3
基本满足需求,5
不过在A区还算比较空的,4
每家门店都搞得和旗舰店一样,3
不过觉得东西还是不错的,4
年底活动蛮多的,4
看电影,3
味道有点重,2
真是又少,5
氣死的索,3
要看电影有电影院,3
一般去那逛的话MS最多逛到4楼,3
鞋子烂得简直没法看,5
顶楼特卖啦,4
看来奥特莱斯声名远扬啊,4
现在是越来越多了,3
这里大概5000-9000都能买到不同款的男女装,3
有东西可以买,4
原先有免费班车直达,4
正大是浦东吃喝玩乐的好地方,5
书店,5
BOSS,3
我感觉这家店有把原价抬高的嫌疑,5
不常去但是一直怀念,3
嘿嘿,3
商铺很多,5
老往那跑,3
场地很大,3
停车很方便,5
休息的日子,3
很晕糊,3
买东西认识店员的话还能在折上再员工折,5
算是陆家嘴性价比比较高的一家综合商场了,4
不能和上次比的~~,3
附近也有国金中心,3
而且那天折上折,5
总之交通是非常的便利,5
地理位置还是不错的,4
东西嘛便宜的贵的都有,2
是一个经常去的地方,3
不至于很拥挤,3
品牌很全,4
都去奥特莱斯买,4
也有比较高档的商品,4
现在楼上也新开了很多品牌,4
离家最近的大型商场,3
碰运气,3
家乐福的东西觉得还挺便宜的,2
挺大的,4
that is a small little high,3
还有很多可以逛得,4
因为我喜欢的街拍都有,3
吃的的东西特别多,5
很多款式市区打折也差不多价格啊,5
现在不去百货店了,
所以买了凉鞋和内衣就回去了,3
原来龙之梦那么大的,3
是比较综合的商场,4
觉得那里的IT越来越破了,3
很合算,4
这边大变样啊,5
哎,3
一路同行4个人 象郊游一样,3
光个头晒,3
娱一体真的很方便很快捷,5
第一次逛的时候,3
N条公交,5
何以称作为特卖区,4
所以每次都要找半天,3
有木有,3
商场布局很合理,4
环境是很好的,5
我是学生一族啦,3
H&M,3
到超市,3
最好自己开车,5
每次去都是开车过去的,5
对于一般家庭还是有点负担不起的,3
天桥上从没人少过~~~除地理位置好,3
想要逐家仔细逛的话,3
就是普通的商场,2
怎么怎么便宜的,2
弄不好还有瑕疵,4
价格也便宜不到哪里去,2
牌子好多,4
人流也多,3
5折以内可以考虑,3
此次收获了好多东西,4
最喜欢啦,3
非常的方便,5
打不到呀,3
停车也比较贵所以不带孩子去的时候会选择地铁更方便些,5
体量很大,3
各类餐饮、商场、超市、电影院、游艺机等设施很健全,5
9楼有电影院,5
算是中山公园最热闹的地方了,3
要么唱k 要么吃饭 要么电影,3
一天都逛不完哦,3
要是公交估计坐到那里屁股就酸了,3
不过也大同小异,2
去一次不太容易,2
说不定就能碰到明显哦,1
偶尔衣服打折时候来买买,3
~,3
地下层的家乐福是常去的,3
地方确实蛮大额,4
齐了,3
品牌也多每次来也必然回有所收获,2
儿童乐园啊什么的,3
吃饭的店也比较丰富,4
有时候找个东西要兜大半天才找的到,2
因此中午吃过饭经常会光顾,3
一直会让人找不到北,3
一路上奇堵无比,3
吃饭也就去的几家店也比较固定,4
又是轨交234,3
倒是个蛮不错的地方,4
不是不知道,2
娱乐都挺全的,3
其中很多都是私营品牌,5
coach里面就像菜场一样,3
要挤来挤去不方便,5
感觉进去之后,3
品牌和款式都没怎么看见过变化,2
地铁一出来就能闻到香香的味道,5
B2和B1的构造很奇怪,3
集吃喝玩乐于一身的地方,5
而且里面很大,4
也有喝东西的地方,4
人流量大,3
建议在里面淘内衣和包 都很不错,4
那边属于一站式广场休闲娱乐应有尽有,5
也没人来管管,3
很大,4
很方便的交通,5
购物氛围很好,5
还有化妆品啊,3
总体感觉都很不错,4
吃喝玩乐,5
而且服务也不错,5
而且到那里也没地方停车了,5
好多牌子都不认识,4
E,3
和市区的差不多,3
不时会有特卖会,3
就是唯一觉得就是大牌子店面还的是很少 要多几家就好了~~~,2
去哪里还有一个不是很人性化的就是吃的东西太少了,2
而且公交站点又多,5
很喜欢,3
玫瑰坊里都没什么人的,3
鞋子,3
然人觉得目眩 没有方向,3
运动品牌的店也很多,4
很适合年轻人~,3
下午去逛了圈,3
要什么有什么,3
经常去逛的,3
正大广场的中央搭了好大个台,3
那里的店铺里似乎空调都不足,2
都有,3
C区只转了下就走了,3
有闻名不如见面的感觉,5
小吃,4
不得与其他优惠同时使用,3
开车过去还可以,4
朋友来时经常来唱歌,3
个人感觉去那里买买鞋子还是不错的,3
买了两根香肠,3
货品也相对多一点,2
这个店必逛,3
什么都有啦,5
原来都是一个品牌一家店阿,3
学校就在隔壁区,3
现在龙之梦每天人都很多,3
还不是那个样,2
餐饮百货超市电影样样不拉,5
大众书局环境不错 可以去看看书  就是推销英语的人太烦人了,4
很喜欢龙之梦购物中心,5
居家,3
商城也时不时会有些活动折扣,5
衣服还是要好好淘,3
折扣大,4
少一个人就不晃了,3
就是我家过去实在是不方便,5
现在交通也蛮方便,4
里面有很多我需要买而别处很难买到的东西：）,5
总不能空走一趟,2
那就不好看了,4
爬到九楼,3
不过这地段咋也习惯了,5
吃饭的地方就更多了,5
人多,3
以前来的时候到没怎么发现这边的好,3
里面的餐饮很好,5
有些一定要细心的淘,3
吃喝玩乐全都有了,5
靠近金融城区,3
在地铁的走道口,4
及一些品牌的,4
逛这里完全要一天时间的,5
安莉芳,3
发票清单小票票票不少,3
关键是集中在一起了,3
逛累了地下一层二层都是小吃,3
去过里面的上海人家,3
偶都没试怎么知道是够适合呢,3
有平价的味千Coco等来满足饱腹之欲,3
收货还是蛮大的,3
那里买了还不放心,3
又一次我就在这边看到蔡康永的新书发布会了,3
各么就很负责任地说两句,3
觉得他的质量什么的并不值这个价格,4
公司附近的中午消化逛街去处~,3
就是等位很让人崩溃,3
暗,3
开车过去很方便,5
没错,3
地处陆家嘴 交通很方便 东西也很多 溜冰场关掉以后就不太去了 不过人气还是很旺,5
很多人,5
喝的用的样样齐全、双休日有时间就会来,5
大概40分钟不到,3
地理位置真是没话说了,5
东西还是值得逛逛的啊,4
也不太能让人静下心来挑书看书啦,3
这里吃的也很多,5
到了节假日 更加是到处都是人,4
地方挺大的,4
看电影,3
逛起来也很方便,5
难怪门口有四面佛和大象了~~里面品牌齐全,5
有时折扣比较大,4
是很大的一个大型商场哦,3
感觉很杂,3
唯一的缺点也是优点就是人太多了,2
有的折扣还不是很大,2
春装开始有些促销了,4
估计跟我家附近丽婴房没区别,3
吃的玩的都有,3
所以从上空拍了几张正大的照片~,3
因为它这里的租金高,3
说明管理方是在努力,3
买了团购来看看也很合算,4
因为边上著名的旅游景点们,3
这次基本全都逛了一下,3
被太阳暴晒,4
最常去正大了,3
反正逛着逛着就有点晕了,2
玩玩遊戲機拉,3
有意思吧,3
品牌很多,5
地处陆家嘴,3
能有所收获的,3
但是吴越面馆实在是东西少的可怜,1
去过两次,3
你根本就不会看中,1
都上新闻了,3
地铁出来直接就是了,5
先说东西,3
关键是大牌折后价格还是很棘手~周末去人山人海,4
龙之梦就是一个大的商业区``以前刚开时候里面空空的尤其是卖电子产品的那层楼特别的空,3
可以算是蛮有名的一家综合商场吧,4
下午开始人就渐渐多起来了,3
仔细淘淘总会有点收获的,2
都是些大众的牌子,4
感觉有点乱七八糟,2
这里就可谓是天堂啦,5
人山人海,3
不过购物过程觉得有些东西其实也不是很便宜,2
还是蛮喜欢龙之梦的,3
怎么说呢,3
真心大啊,5
有点像电影里面购物狂拿着一堆购物袋那种感觉,3
买买挺不错的,3
去了很多次还是晕头转向的,3
逛街喜欢来这里,5
大就不必说了,3
豆捞坊,3
到青浦找朋友,3
可以逛上一整天,3
现在人多的我一般都不太愿意过去了,3
又坐落在了繁华的陆家嘴地段~~~,3
每天都去健身的,3
还有宝宝的衣服,3
我朋友买了双鞋子还可以,3
相应的设施就应该跟上,3
尺寸齐全,5
包包就不堪入目了,3
而且都聚集在一起,5
像菜市场,3
不过我又不买衣服,3
现价600,5
各种大小牌子都有,4
但是不常去的人会迷路的,2
确实很便宜,5
我都分不清东南西北了,3
终于都等到zara特价了,3
C&A,3
一线品牌,3
喜欢和室友们到这来买衣服,3
看你是真心有买的意愿了,3
很大的一个购物商场,5
还是很贵,3
不过现在是熟门熟路了,3
地方很大,5
外套还好,3
餐饮也很多,5
但是都是旧款,3
才只要300多,3
施华洛奇,3
吃饭——HM CA,3
虽然都打对折了,3
人多的热闹,3
其他的就一般,3
人流量很多,3
快乐柠檬,3
折扣不多,4
这点就没有LFS的人性化,3
家乐福和屈臣氏去的多,3
不过算了,3
熟悉的品牌有的时候折扣也不一定很低,5
每次要找自己中意的牌子只能凭感觉,3
没地方去的话,3
地上、地下总建筑面积约32万平方米,3
又觉得气派非凡,3
发现去奥特莱斯的人很多啊,4
太大的地方,2
好吧,3
不过这里的lotto不打折的哦,2
不到4000元人民币,3
人气很不错的,3
比市区的好处之一就是不会挤的透不过气来,2
得绕着圈子走好多冤枉路,5
停车也比较方便,2
那才够休闲,3
门口有大象的雕塑,5
呵呵呵,3
到这个里面来一玩的话就可以玩一整天的,4
环境和态度都是不错的,5
也是第一次在这里看到了反斗城,3
看一场电影啊,3
正大广场地理位置优越 里面餐厅很多 有些还能看见江景 晚上很美 是购物休闲的好去处,5
去那里真的还蛮划算的,5
现在里面的店越来越好,3
价格方面还是相当便宜的,5
Feel dress is good,3
买了水晶球,3
工作人员很热情指挥倒车事宜,5
有很多品牌,4
难道是地段的原因,3
吃饭还是可以的,4
回来就好堵,3
还有不用出商场就有地铁二号四号线做,4
就扎进了浦东,4
去lg认识的1店家改牛仔裤,3
正大广场集购物、餐饮、娱乐和休闲为一体,5
and maybe one or two hundred to get,3
花了一点时间才在一个角落找到电梯,3
另外,3
不知道是不是国外的呢,3
-,3
所以常去里面吃饭、逛街、看电影,5
味道不错,4
玩的,3
最近一次去那里正好还免费办了张会员卡,4
价格一般,2
最近一次去觉得退步了,3
中午白领吃饭什么的人很多的,
折后4000+ 哎,4
打的折扣不是很多,2
最近四楼那边开了Hello Kitty展,3
T,3
选择的余地更大了,4
又忘记了,5
买一些经典款还是不错的,4
商场里吃的很多,5
节假日去都是人,4
而且买东西不能抵或减,2
底层有COCO奶茶,3
逛下来,3
一楼还有个大的HM,4
有家电商场,5
基本上价格能走进800的都是过季N年,3
中间走上走下不是很方便呐,3
不过的广场,3
好多牌子的折扣相当不给力,5
里边的衣服,3
能买到你所以想买的东西,3
很早就听说奥特莱斯但是一直没机会来,3
交通业很方便,5
否则总有一方陪太子读书///,3
最好10点半之前能到,3
在楼上看过电影,3
自从寒假在这附近实习以后,3
住附近可说没什么可愁的了,3
饭点都要排队,3
周一去的,3
双休日的话就人山人海了,3
总之、吃饭、看电影、买衣服~~~~统统可以在这搞定,5
来到正大停车场一下车 一股臭味就扑过来 是不是他们的垃圾场就在这一层,3
总觉得很拥挤,3
正大一直是shoping的主战地,3
折扣不是很多,2
B、C主要是一些知名品牌和中线品牌,4
人也多,3
东西也不错,4
一块一块的,3
昨天和死党一起去逛,3
停车也好停,5
不然也可以去上海小马路里的,3
里面都是工厂直销,5
分布不均,2
而且一楼的中庭常常会有很优惠的打折活动什么的,4
感觉比其他商场高档,5
也有去吃饭,3
不过还是免不了会转晕,3
每次都会去兜HM 的,3
地方大,4
购物的话,3
还有电影院,3
还可以去看场电影,3
超级大的广场,5
地铁和公交方便快捷,4
比一百好,4
such shelter,3
基本是一些小品牌,3
吃喝玩乐,5
里面的围巾挺漂亮,5
开了放人进来了,3
很齐全,5
号称是全亚洲最大的商场,5
买的人貌似还很多的,4
中午到的,5
真是美味,3
二千多大毛,3
买了很多了~~裤子啊 衣服啊 裙子啊~~但是号码都普遍偏大,5
这样方便购物者做选择,5
选择性还算大,3
停就停了,3
有棵闪闪发光的树诶,3
地铁交通方便,5
啊哈哈,3
很全方位吧~每一层其实蛮大得,3
里面的品牌比较多 选择性也比较多,4
离家比较近,4
不是很懂的你问上去一般都是反应很迟钝的,3
（虽然人很多啊啊啊）,5
每次去都有一种逛一层就够了的感觉,5
就是卖衣服的地方比较凌乱~~,4
吃得也多,3
不过我们逛的目的也并非一定买什么东东,3
里面的店铺蛮多的,5
也很大,3
什么红中庭啦,5
无论是购物的品牌种类还是餐饮的菜系种类都是越来越多的～就是有点越来越挤的感觉～,5
经常来这边吃饭的,3
都是大的品牌,4
真是体力活啊,5
喜欢的品牌基本都有,4
老公买了件衬衣,3
挺大的,4
交通也便捷,5
不过想到可以淘衣服就好高兴啊,4
现在旁边有了国金,3
买了几双鞋子,3
小孩子也有儿童游乐园玩,3
最好能有地下通道直通地铁,5
总之我们一家都是很喜欢去的地方,4
小众购物的乐园,3
哈哈,3
总的来说没有太大的震撼,2
吃的也是,3
有些地方要穿过永乐才能找到,3
做工细腻,3
以前读大学的时候经常去正大广场晃荡一圈再回宿舍睡觉,3
1--4楼主要买衣服等,3
不然还是让别人代购比较好,3
来汤姆熊抓过超大的海绵宝宝,3
龙之梦的交通挺方便的,5
发停车券的要求很严格,3
走的很晕,3
位于长宁商圈,5
加上老板娘,5
红中庭的,4
有的时候也去做下美甲或者去汤姆熊疯玩一下都会很开心的,5
东西虽然比专柜便宜,5
这里是个综合型的商场,5
楼下B1变成了优衣库,3
吃饭 购物  玩  都有,3
不会特地跑来这里逛街,5
变化不大,3
那里一群的,3
这个希望可以改进下就好了,3
一些名牌大牌就算打完折下来也是比国外的正价贵出许多~所占地很大,4
购物环境不错,4
是很大了,3
商家挺多的,4
中档去感觉人最多了,3
地方非常大,5
里面的东西好像比我之前去的贵了些,5
服务还是不错的,4
如果有合身的衣物买回去还算挺划算的,4
东西基本都是过季的厉害,3
因为是星期2去的,3
挺方便,5
看电影的时候也逛过几次,3
典型的综合性商场,3
很是惊喜啊,5
吃饭的地方都应有尽有,5
总的来说不错啦,4
而且下面的停车场经常处于爆满的情况,4
╮(╯▽╰)╭,3
会给你带来惊喜地,4
路程是离我们家比较远的 一线品牌打折下来还是有点小贵的,2
去龙之梦都是吃东西逛超市,3
走得是中高端路线,5
最后也很好玩,5
是一家很齐全的大型广场里面是什么都有的,5
非常适合各个阶层的人逛街,5
因为周边的环境东西什么的感觉也都蛮好的,5
还可以去看电影,3
姐姐买了个小手袋折后才650,5
很多饭店每次都要排长长的队 里面的影院貌似人气不咋地,5
顺便买一些小礼物送给父母们,3
在震旦大厦的窗口向外看到陆家嘴的全貌,3
一线直接跳过之后,4
雨过天晴的周末和老公来了这里,3
连店里的营业员都能认识我了呵呵,3
便宜的贵的都有,2
还早杀到上海奥特莱斯,
感觉商场的一些服务并不是很完善和热情,1
终于在家旁边就可以买MAC啦~HOHO,3
还有很多食品,4
吃饭的地方很多而且全,5
逛到哪儿算哪儿吧,3
还是挺喜欢逛奥特莱斯的,4
交通蛮方便的234都能到,4
二线品牌的质量貌似往下掉了,4
还有屈臣氏等等,4
平时想吃什么就能在那里找到什么,5
感觉一层楼的店完全就不在一个档次上,5
里面有分好多廷呢,5
这次是为了看Starswar7去的正大广场,3
生意红火,3
奥特莱斯分为3个大区,4
另外就是没有施华洛世奇这样的牌子,3
所以经常去,3
新鲜,3
麻不麻烦啊,1
万虹金福大酒店,3
唯一不足的就是龙之梦的促销活动太少了,2
周末可以在里面玩一天了,4
里面还是蛮丰富的,5
都还不错,
还经常会搞些小活动,4
环境也不错,4
基本上比较齐全,4
所以昨天和姐姐又去瞅瞅了,3
如果不是时间有限,3
可是覆盖的面积很有限,2
这里还没有仔细兜过,3
里面就可以通近商场了,5
还会再去,3
很少在中山公园那片混~今天去了龙之梦溜达了一圈~凹凸曼进城了~,3
不管是吃的、用的、玩的、穿的都有,3
吃吃饭,3
is easily turned to normal,3
真是吓人,3
很开心,3
牌子算是比较多的、、但是区域划分 不是很喜欢,4
里面有些国际一线品牌,4
等电话吧,3
有更多的美食店开出来了,5
女人嘛,3
商场的环境很好,5
舒服,5
也不觉得什么,3
有可能会找到价廉物美的哦,3
）可恶老妈硬说不好,3
很大很大的综合性商城,5
二十七,3
多了很多次很是搞不清,3
可是环境低俗了,2
正大的星美还是很好地,3
品牌还是可以的,4
交通便利,5
和华政的同学一起去吃BBQ,3
茶餐厅,3
我知道舒服加上质地好,5
很大一家奥特莱斯 不过蛮远的 在青浦 基本上自己开车去的比较多 周围没有其他什么设施了 所以到那里去 完全也是以血拼为目的了O(∩_∩)O 折扣还算可以 不过相对的 有些款式比较旧 所以适合不讲究款式和潮流的朋友们 有不少一线品牌 像burberry 其实比较喜欢这家奥特莱斯的风格 都是独栋的 不用爬上爬下 蛮方便的,4
两次都是空手而归的,3
空间够大不过负一楼似乎有些空旷,4
开了好久了,4
一楼一楼真的逛的头很晕,3
比起隔壁高端大气上档次的国金,5
有时顶楼也会搞促销,4
嘿嘿,3
不过还是买了条牛仔裤,3
有股很浓的酸味 是那种变质食物的味道,3
交通比较方便,5
逛累的话,3
我看很多都是外地的旅行团,5
服務員比顧客都要多,5
有点生气,2
陆家嘴一览无遗,3
商店很大,5
都是大品牌的DD,4
外地人也比较多,4
正大现在越来越热闹了,3
就是缺钱啊,2
都比较高端,4
现在折扣越来越少了,4
仔细淘淘有不少好东西,4
这个周六终于去上了一次,3
很休闲的氛围,5
底楼还有我喜欢的果汁吧,3
环境么,5
楼上还有无印良品的店,3
不像市中心的店,3
而且有一些乱,4
所以想逛完是很有难度的,3
过年前和过年的时候各去了一次,3
电影么自然没什么太深的内涵 最主要就是看人咯,3
另外很多位置偏点的店没人逛,4
周边公交也不少,3
港丽,3
其实看脚下啊,3
现在可是中山公园第一标志物了,3
但是来买的人还是很多~很多年前奥特莱斯刚开的时候我们一家经常去,3
走一点点就到了,3
好像是五楼吧还有威尔士的健身房,4
不局促,4
也由于地铁的关系,4
日本料理、釜山料理、东南亚料理、意大利餐厅、、、一应俱全,5
不过感觉不太正规,2
收银员的服务态度就越差,5
也会经常看到明星的,3
最近在装修感觉有点混乱味道也不是很好,2
因为宽敞,4
看上去很有档次的感觉,5
败也萧何,3
当然是挑的非周末来的,3
都要绕很多个圈子,5
为什么只打了还行呢,3
但是衣服的质量和款式还是很好的,4
我穿出来了后,3
但是人却不是很多,2
BALABALA很多都是如此,4
特地去那边的星美电影院看盗梦空间的,4
慢慢的逛,3
不过还是小有收获的,3
服饰等品牌的分类也比较散,4
所以奥特莱斯人也特别多,4
一举三得~~,3
除了美食比较多、有选择的余地外,4
环境太差,5
然后从龙之梦1楼的星巴克兜进来的,3
那时候roxy在上海貌似还不红,3
但是人太多了,3
经常去,3
号码也不全,1
然后GUESS和男友买了款式差不多的情侣衣,5
银行,3
就是暖气开得太足,2
吃的玩的看电影多有,3
经常是人流挤挤的那种,3
另外,3
03年刚开张没多久就去玩,3
自然逛正大的时间也最多,3
很大的shopping mall,5
要做好重体力劳动的准备,3
消费也不能抵消,2
所以我们经常趁这个时候去逛,3
看看电影还是蛮不错的,3
地方蛮远的,3
一般都是来看电影的,3
至于品牌么,3
下面的超市倒是品质提升不少,4
很旧了,3
我们今天上午去逛了2小时,4
顺便逛了一下正大广场,3
这样等于也没便宜多少了,5
上次就是在这里去逛街的,3
里面很大,4
有上下两层,3
真实气派大啊,4
都是知名牌品,4
方便的很,5
买一些好品牌的Tshirt、皮鞋还是比较合算的,4
约会啊,3
各式各样的都有,3
牌子挺多的 还是最喜欢9楼的特卖会 呵呵,3
非常喜欢这样的商场啊,5
不过还是有收获,3
大超市,3
逛街到这边有需要会进去买点东西,5
没有那种传统的厚重感,3
一路都是“车位已满,3
地段非常的棒,5
买完就可到楼上吃呀喝呀,3
总体而言还是比较喜欢的,3
鞋子是最好的选择啦,5
游戏城都是车水马龙,3
1点去看多数都还是需要排队的,3
回来到正大再逛逛,3
各种新奇的小东西和摆设,5
各方面的产品都集齐了,4
真正看衣服的概率很小,3
但是断码很厉害,3
就在6L的特卖上面,4
后来买了kfc填饱肚子～ 其他都人山人海,3
明显感觉,3
感觉这些鞋子的确是比国内的名片好很多,5
女朋友买了两件衣服,3
可以出票的,4
YP比较多一点,2
人气足了,3
龙之梦,3
刚好看到C&A 和汇美舍（精油）在做特价,4
家乐福、永乐、餐厅、甜品、咖啡、购物、健身房、电影院,5
跟姐姐一逛就是一天,3
办了会员卡吃饭还能打9折,3
能想到的牌子,4
挺不错滴,3
而且电梯里没冷气,4
条纹的设计很出挑,5
对正大广场完全无爱,3
501也就799元3条,3
2-4楼是时尚女装等,3
吃的东西倒挺多的,4
可能是地理位置比较好,4
反正去了邮局也要拆包装,3
没有prada,3
很大的一个综合性的购物广场,3
望着浦江两岸的美景,3
蛮方便的,5
几年前去的,4
环境很好,5
龙之梦的顶楼么一直有特卖会的,3
但正大广场的大气绝对是他们拍马难及的,5
地段好的没话说,5
一线品牌打折后还是小贵的,2
换季衣服也有,3
不过看到两个大户又摇头晃尾,3
可以看外滩 超级有FEEL的,5
好多来游玩的都在天桥上拍东方明珠,4
有一段时间没有去正大,3
化妆品、鞋子等等,3
光顾一下还是很不错的,3
里面很多牌子经常打折,5
建议改进,3
由于是过年的关系,3
不过需要耐心淘的,3
店面挺多,2
只会做葱头,3
没事的时候就去逛下   很方便    在说他哪里经常搞活动  所以很划算     我还是蛮习惯那里的    现在不住哪里了bu过有时候还是会去的   可能是习惯了吧,3
找商店不方便,5
厕所清洁问题也没有做好,1
如果喜欢运动服饰的比较好,3
吃饭的地方倒挺多的,5
吃什么都要排队等号,3
一茶一坐等等,3
离家相对较近的一家购物中心,4
总体感觉很好,4
跑那么远去血拼实在有点不值,2
一个就是NIKE运动店,3
质量也不错,4
在龙之梦的堡狮龙看到了许多别家堡狮龙没有的款式,2
商店外面就有椅子给顾客休息,4
像tods这种店东西都不多的,2
去了就知道了,3
手感也很好,4
有效期到4月30日,3
1折绝对不是传说,2
或者路过,3
也有很多吃饭的地方,5
不像一般的商场都要兜半圈才能下去的,3
可以购物,4
还有各式甜品,4
反正你们商场人多是伐啦,3
明显这里更适合我,3
穿的,3
买满300还送了根毛衣链,3
店铺也很多,5
又遭遇不少不文明的抢车位一族,4
偶尔会去逛逛看看有没有好东西可以掏一下,3
其他的都觉得还可以,3
但是现在楼层排列比较杂乱,3
人比较嘈杂,4
吃完饭就喜欢滨江走走,3
地方蛮大的,3
想买的东西在这里一次全部搞定~超市,5
还有K歌的地方,4
出门时买上一杯拿铁,3
只是感觉从比重上来说,3
比较便宜的那些样子实在是没法看头,5
不过感觉也没有特别便宜,2
就是款式没看中,2
就算不买东西 吃点东西也好的,4
基本上市区商场里的新品在这边也打折,5
不过我好希望 他们家再开一家zara哇,3
走出很远想起来回去取的时候,3
这是天经地义的事,3
很旧,3
餐饮方面也不错,4
但是入驻的某些商户很霸道,3
商户很多,5
nike,3
很消磨时光,3
不错,4
古典玫瑰花园,3
还有电影院,3
但款式就不那么多了,2
不过,3
一定要走到最尽头才能上九楼,3
吃喝玩乐都有,5
记住消费者在中国可是落势群体啊,1
省力又高效,3
东西也蛮全,4
郁闷啊,3
比较有好感,4
于是就算了,3
龙之梦里面也很全,3
虽然价钱不可爱,2
大冬天的,3
人太多,3
是个不错的综合商场,4
因为交通方便,4
真可以说要啥没啥,4
1、新素代优惠券,2
今天和朋友去的,3
一站式综合广场,3
我的大脚在这里得到了充分的解决,3
看来像我这种喜欢宅在家里的人,4
这里的品牌很多,5
楼上很多吃饭的店,4
餐饮,5
经常是和闺蜜一起逛好街,3
这里最好的是,5
C&A生意都非常的好,3
所以人也很多,4
还是,3
性价比一般,3
真的很惊讶,5
就去逛逛看看了,3
A区还是有钱人的场地  打折下来还是两千以上,3
环境也很好,5
里面衣服超贵,5
火锅,3
做冰欺凌的机器不给力啊,1
在走累之后随便找个甜品店什么的都能休息休息,3
说是折扣,4
电梯下来还有个莉莲蛋挞,4
楼下的地铁站也有美味的小吃哦,5
尤其是中午和下班时间,5
很不错~~9楼一直有特卖会,3
吃饭喝茶为一体的吃喝玩乐场所,5
正大广场在陆家嘴么也算是个地标,4
东西比较全,4
是年初四去的,3
交通主干 2 3 4 号线 都很方便  餐饮 购物 娱乐 小吃 化妆品,5
ABC三个区分的还算清晰,5
四个季节的商品都有,3
很喜欢里面的那家玩具店,5
很大,3
要慢慢淘的,3
打折下来的价钱还是不低的,4
服装店,5
Not a weekend day to go,3
可是没办法,3
前两天去的时候,3
非常方便,5
能穿就最划算不过了,4
商场购物环境挺好,5
纠结啊,3
基本还行就是找了半天找不到烟店,3
每年基本上都会去一次,5
每次必去的就是汤姆熊,3
正大搞活动挺好,5
不会人挤人的感觉,3
地下二层有大食代,3
路牌指示不是很多的,2
蓝中听,3
地下一二楼之间的电梯布置也不太合理,4
购物、吃饭一站搞定,5
每天都是一批一批的人进进出出,3
逛街么就是要逛个心情~顶楼有个影院下次要去看看,3
不过不是每次去都能挑到满意的东西,2
大家都在抢购么,3
如果不想买东西的话,3
地方真的够大的,5
可惜啊~~我看得起没不起啊~~哭啊~~,3
不像梅龙镇广场里面的国际服装,4
Burberry、bally、ck、nike、有些折扣还是蛮大的,3
在终于把楼层和中庭搞清楚的情况下来写点评：某人别想再带我绕了,3
找找吃的吧～结果发现餐饮店也“N多”,1
一般般,2
人也不是非常多,3
不常来的人可能比较难找到相应的店,3
里面有儿童乐园,5
我觉得蛮好的,3
只要你想要的,3
一到晚上,3
而且不是去买东西,2
周末就可想而知了,3
虽然折扣力度不是很大,2
那里的男鞋款式不少,5
吃完火锅,3
朋友离那里今进,3
先看电影再洗脚去最后吃饭,3
然后特卖会什么的也基本上都是在这边的~~,3
反正肯德基一直都是存在质量问题的,3
周六和BF去龙之梦酒店参加招聘会,3
9f常年搞特卖会,3
什么都有,3
里面卖的东西感觉还是比较贵的,5
里面那个1-4的长电梯,3
标志也没那么明显,3
不愧是历史悠久的牌子,3
像迷宫一样,2
停车场也蛮大的,4
只当作是一场秋游了,3
新款和外面价格差不多,4
不用带现金的,4
一条439,3
可恶的35码半,3
又多一个腐败的根据地了- -,3
交通很便利,5
特力屋一是因为我本来就喜欢逛家居用品,3
买个东西队伍长的很,2
吃饭总要排队滴,3
但是凌乱的很,4
关键是耐心,5
里面的环境蛮好的,5
比如：豆捞坊,3
太脏了,3
周末休闲的时候会举家去的,3
排队买票是常有的事,3
很喜欢正大,3
真心划算吖~而且传说中还有做活动的时候更便宜,5
去的路上,4
喜欢里面的hm 港丽 优衣库,3
我只知道自驾车能去~,3
货大都是过期的,4
小吃,
冷冷清清,3
很大型的购物中心,5
一线二线平民都有,3
有机会再去淘,3
外国朋友也都知道,3
便宜没好货呀,2
这边商场挺大的,5
衣服的牌子很多,5
既能买到心仪的东西,5
逛累了吃饱了还可以可以K歌,4
车库窄不说,5
感觉还不错,4
去过N次了,3
在不注意的地方总有可以转弯,4
但是经常会带朋友来,3
一般节假日都不会来,3
就更别提到这里了,3
算是浦东的地标了吧,4
感觉不错,4
站在桥上拍东方明珠塔不错,3
这里的人气一直不错,3
不过我建议不要节假日去,3
有很多品牌的专柜,5
店也非常大,5
往往一邊電梯上去,4
在这里的9楼区域,3
主要在A区看了下,3
只要用淘定能淘到许多好东西,4
所以不怎么逛,3
年代久远我已经忘了,3
虽然路上有点堵,2
其他的打折下来还是觉得贵,3
最主要太远了,3
刚开始营业的时候真的很傻,3
电影,3
哈~,3
可惜昨天没有意愿试穿,3
买过眼镜,3
自从04年来上海后,3
内衣不推荐了,4
基本上逛上一圈就要花掉很多时间,3
过年过节还有很多活动优惠,4
非得跑这儿来买,3
真的让我们不可思议,3
基本上个人需求都可以一站搞定,5
龙之梦算一个比较成功的商场了,4
还有【蓝蛙】这家都有,3
否则那么多东西真的没法搬的,1
去逛的话累了可以看电影,3
推荐可以经常来附近逛,4
1-4F和4-7F,3
正好需要的到那里去买还是挺个算的,3
终于才买单走人,3
但前面的几个停车场也都满了,2
需要好好淘,3
经常去龙之梦的,3
大多是平价,3
吃完发现那个西装备用扣没给我们,5
楼下的莲花超市自从只卖进口品后也再未进去过,3
有点头晕,2
正大真的有点丑,2
9楼也有看电影的,3
的确有很多大牌比如coach,4
像是旗舰店一样诶,3
也挺知名,5
经常搞活动,4
里面有家乐福、永乐、电影院等场所,5
品牌也蛮多,4
怎么说呢  特地和老公做了很久的公车去的- -PS一下 去完我们顺便去逛了朱家角 一日游么 哈哈  奥特莱斯一直听到他的大名 去看了  大牌子其实也没有什么 看了一下 就算大牌也没什么好的东东- - 逛了半天 想总不能白来吧 看了施华洛世奇的东西 使劲挑都没挑出来想买的  最后只能陪老公买了几条CK的内裤 100块一条 外面买300多 还没划算的  可惜都不是新款0 0,2
唯一就是颜色的选择少了些,2
人气很淡,3
提前没做这方面功课,3
哈哈,3
兜一圈下来发现日式的美食相对较多,3
是比商场便宜,5
跑到5楼转了大半圈才找到店家,3
几乎什么都可以买到,3
看看东方明珠,3
曾经被正大的设计所震撼,3
价格也能接受,4
服装鞋子饰品杂乱得很,3
到了4、5楼,3
三年觉得这边熟了,3
真的不怎么喜欢,3
自己掏钱的哦,3
热闹,3
这个商场倒是挺大的,5
这个地方还可以,3
交通也很方便周围2号 3号 4号线都有,4
3,3
品质也不怎样,4
出去看看各色商品再回来吃～,5
made in italy,3
当然正大的地位还是不可动摇的,3
很乱啊~~虽然价格是还可以,4
环境很舒适,5
有些店铺临江,2
对偶来说还是高了些,3
全面性综合商场,4
但是东西真的很齐全,5
A区的个别店员都有种狗眼看人低的感觉,5
分红中庭蓝中庭什么,5
昨天去龙之梦了   买了个ESPRIT包  买了裤子   6IXTY8IGHT  满喜欢的    吃的东西好多    就是地方太大   累了一天哦   不过收获颇丰,5
人气不是很旺,3
绝对是明智的,5
就是逛逛,
还可以吧,4
30,3
这家综合性商厦是我逛过这么多商厦里面比较好的一个,3
如果你要去逛,3
巴春逛好以后去那吃顿饭很不错,5
一般都是品牌最多,3
不过有很多衣服是过季的,5
期间也电话咨询过到底啥时候可以修理好,4
很多可以选择的服装和美食品牌,4
一开始去的时候人还很少,3
反正吃喝玩乐样样有,5
享受上上下下的感觉,3
逛了几圈,3
交通非常的便利公交车无数条,5
真是搞不懂,5
應該也是地標的地方,3
商场很长,3
商场很大,4
这个超市挺大的,3
这里的品牌还是蛮齐全的,4
然后转去看鞋,3
很带感的一家~,4
怕来,3
就当是一次郊游了,3
没进去过的店,3
我都无奈了,3
在星巴克坐了好久,3
尤其是coach还要限流,2
还绕来绕去的,3
一站式SHOPPING MALL,5
大概主要是交通比较方便,5
以前还去八佰伴,3
可能没有环球港那么大,3
几乎囊获了吃穿住行玩各个领域,3
东西是挺多的,4
总的看下来,3
而且还有汤姆熊,3
老地盘了,3
有的人山人海,3
最重要是整个商场空间感好,5
之前在别的地方买了杯饮料,3
但是那几个中庭的位置我每次都,5
相当有特色,5
其他比如美发、美体、亲子、运动,3
可以顺路去看黄浦江,3
屈臣氏,3
B1有家乐福,3
碰巧你那天心情特好或特不好,3
理性消费,2
交通也很方便,4
要不就是派人占位,2
5楼好像全是吃饭的地方,4
自然元素,5
于是一般在正大路过就会进去看看,3
看到品牌折扣总是挺划算的,5
都大半年了哎,3
逛一天也可,3
所以交通很方便,4
整个商场非常大,5
就在龙之梦中心,3
经常去逛,3
正大广场在东方明珠的对面,3
环境很好,5
然后再打九折,3
卖的东西也蛮一般的啦,3
第一次去 闻名遐迩的地方 虽然在青浦听起来老老远的地方 交通其实挺方便的 到人民广场 再换沪青专线或沪青盈 下来就在门口了 今天那边很不凑巧 下起了鹅毛大雪 那边分三个区域 A B C  也就是品牌价格的档次不同 品牌还算齐全啦 很多知道的那边都看得到些 也不一定是旧款 我就在淑女屋买了件新款 而且是打五折的 挺划算的 我满喜欢那边的 有空有时间还会再去扫货~~,5
逛完街还可以到星美看看电影,3
大老远的跑过去失望而归,3
在龙之梦混了近三年,3
三号线都经过那里,4
门口会有黄牛缠着你卖黑手机,5
不用到处跑了,4
有时还有一些特卖会,4
正大广场每次一到节假日那就是人满为患啊~~大概东西比较多样而且吃喝玩乐一应俱全的~·很不错~~~现在国金开了~陆家嘴那边更是购物天堂了~,5
从商场的一头走到另一头,5
不过貌似有些不是当季的新品,2
地下一层也有很多吃的呢,3
真冰馆倒是还没玩过,3
另外ROXY的手机鏈那裡一百元只賣六十元,1
经常有打折活动,4
尤其是港丽,3
有些衣服还是挺实惠,4
算是个娱乐消遣的好去处了,4
而且很吵,1
东西涵盖面也挺广的,4
刚开的时候生意不怎么好,3
东西也很全,4
不过现在搬家之后,3
跟朋友一起来过,3
算是这边比较聚人气的一个商场吧,4
买单的人说不好我也没办法,3
非常的小,5
反正我是没买到什么特别喜欢的东西,5
应该说来是无聊的时候可以打发半天时间的地方,3
个人感觉票价有点小贵啊,2
当时进去逛了逛,3
节假日人是真心多啊,3
西餐中餐粥一应俱全,5
那个时候正好是哆啦a梦有展览在正大广场开,3
如果要去的话最好是周五去,3
习惯了去那,3
一点都不透气,2
由于儿子吵得厉害,3
很多小孩子还有推销人员穿着这种鞋在空地上溜来溜去,4
但他还是承载了相当大的一部分客流,3
虽然和朋友们都住在浦西地区,3
千万不要在饭点高峰时段去,1
很多,5
大红色的,3
再加B1特力屋,3
上次去是陪弟弟去买鞋,3
安静的很,3
很早就听人家说这个地方了,3
正大广场的东西偏贵,2
餐饮、电影院、汤姆熊、好乐迪基本都有,3
对于我们来说选择性就大一些了~,3
任何餐厅都要等位,2
总之到这里几乎可以搞定一切生活中的必须,5
人山人海每个餐厅几乎全部满员,3
交通、设施配套各方面还是蛮全面的,5
为此来过几回,3
交通方便,4
为衣忘食,3
新素代,3
我过去的话还是有点点小远哦,3
为什么没有艾格呢~~,2
地方够大,4
里面牌子还是很多的,5
所以总会在这里包一顿饭,3
里面都可以找到,5
电影院的场所,5
还有家乐福、永乐、电影院等一天都逛不完 地方实在是太大了 还分红、黄、蓝等不止一个中庭 指示牌每层楼都否设置 服务中心每层楼也不安排  经常兜到“头晕晕”没有方向感 老难找到自己要想去滴店~~~,4
逛着逛着就会迷路的,2
对他什么都满意,5
吃的、穿的、家电卖场、超市、人气美食超多的,5
喜欢的牌子要么折扣不给力,4
让我这个面包控好不兴奋,3
还有我喜欢的游艺城,3
离家实在是有点远啊,2
因为浦东地大,4
很多次都会走在里面迷路 尤其是3号线和2号线换乘转来转去 楼下B1B2是分隔开来的,3
里面的店面很多,5
需要好好的挑挑才好,3
我已经很小心了,3
678楼几乎吃遍 地下1,3
这个地方还真的没有来过呢,3
这里人好好多噢,3
在底下一层吃过美食,3
正大里面吃的店是开了关,3
在地下室和顶层都有餐饮,3
反正吃喝玩乐都有了,5
地下还有超市,4
想就来看看他,3
巴贝拉,3
活动也很多,5
品牌折扣店,5
感叹现在的人消费能力都强啊,2
~,3
270 〜〜,3
倒是鞋子看中了好几双,3
所以来到这里发现只有五折左右的折扣觉得有点调动不起热情,2
商铺比较齐全,5
之前没有去过,3
商场超大的,5
里面的品牌算中高档的吧,4
平底鞋都是大众款式,2
东西要比市面上的便宜,2
之前听朋友说那里打折也一般,3
大都是断码的,4
当然周末的时候自然会去那里逛逛啦,3
走明珠环很热的好伐,3
楼上吃的东西也很多,5
商场还是蛮大的,5
以前在震旦大厦上班,3
没有什么变化,3
毕竟折扣重,4
不过200块的包包还可以,4
超市不大喜欢,3
非常方便,5
地方真的很大,5
买衣服什么的都太贵了,1
乱七八糟什么都有,3
价格上也没啥特别优势,4
哈哈,3
还有很多不熟悉的品牌,4
和装修很差,5
另外地方很大,3
改变了他们骨子里不喜欢逛街的天性,5
地方太大,4
像比较适合稍微有点年龄的为什么呢 太年轻的大部分还是没钱的,2
很适合各类人群,4
里面好吃饭点,3
吃饭,3
走进去会有一股味道的,5
10元1小时就算了,3
有避风塘,3
其实他看中一双1700的鞋子,3
还有购物,4
吃的地方够多,4
这里的产品多半是旧款,4
态度很好,5
而且附近没有什么加工厂,2
意料之中吧,3
地下有个家乐福 通地铁的路上还有好多吃的小专柜,4
炎炎夏日里面空调开的温度有点低,2
商场楼上有很多美食,4
常去逛的,4
正大依然是陆家嘴碰头的聚集地,3
就都去了,3
以前在大学城读书,3
没想到的是这样的包维修还要送到宁波去,3
人气周末蛮好的,3
所以也不是一直去的,3
吃饭购物全是正大,3
没有买什么就 回家了,3
就是电影院有点老了,2
呵呵,3
车子很多,5
不算高档,4
很大的,3
里面有家乐福还有健身中心就在一楼,4
几乎里面吃的全都尝了一遍,3
质量不敢恭维,4
她家9楼常年有特卖会,3
设备挺好的,2
虽然很大,3
楼上的电影院也蛮好的,3
有的时候运气好还能买的很便宜的,2
哈哈,3
服务还不错喽呵呵就是路太远呵呵,3
可以吃饭,4
超市有很多进口食品,3
他们家的品种很多的,5
感觉还是吃的比较多,3
不过当他说还要坐公交时候我就不想来了,3
无论从空间的设计还是店面的档次,5
我们这种穷人买不起了,2
这个好像不太到位,3
要是嫌麻烦的不建议去,2
一般下载优惠券吃饭看电影还能接受,3
附近陆家嘴还有很多观光的地方,4
到人民广场逛了逛结果发现~~有些东西的价格还是南京路上的便宜,4
本来明天还想去看看的,3
有时候驻扎在龙之梦的店家也会在龙之梦门口或是大厅里搞一些互动活动以及商业活动,3
毕竟价格要优惠很多嘛,5
有投诉会推诿,1
2,3
就作罢了,3
里面的东西很多,5
里面的东西么说什么品牌折扣店,5
一天到晚有人跟着 而且跟的很紧 让我非常的厌恶,5
谢瑞麟,3
东西也蛮齐全的,4
一站式购物,3
浦东经常去的几个商圈,5
曾经是我们的根据地,3
~妖~,3
一直不太清楚adidas为什么要分阿达和三叶草,2
个人见解,3
还有电视台的去采访,4
一栋楼里吃喝玩乐都齐了,5
但是东西又贵又高档,4
有些档次高的必然现在还没逛到）,3
这是我的个人感受,3
竟然开了之后就去过一次,3
7楼还经常有特卖会,3
晚上不好打车,3
HM蛮大的不错不错 其他的牌子还都蛮全的,5
话说正大b1和b2经常会有不明的异味,3
我看到有人买好Zegna出来,3
但尺码总是不对,2
小鱼以前住浦东还常去,3
本来想买儿子的衣服的,4
品牌汇集多,4
可能租金不便宜,3
人流量比浦西好很多,3
在里面转了一圈,3
维萨馁,3
打完折还要600块,3
工作日去的,3
记得他结婚时也选择这个品牌,
coach和burberry无论怎么打折,5
人太多,3
可以逛逛,3
就会绕进去逛逛,3
很有纪念意义的哟~,3
龙之梦的优惠幅度实在是太小了,3
起劲来－－－没见过这么势力的,1
价格还是挺不菲的,2
说道环境麻,5
化妆品方面也不是很多,3
错落而且很有层次,5
KFC,3
里面有很多品牌折扣店,5
把我感兴趣的牌子都逛了下,4
逛完街还可以去滨江大道走一走~,4
下次有时间再去看看,3
由于昨天没有intend要买鞋子,3
要不就是去看电影,3
打折的都是老款啊,2
很大很大,3
C三个区,4
否则怎么能盈利呢,3
服务也很好,5
地段和分布都是不错的,4
东西质量和价格都还可以,4
看看折扣和外面也差不多,5
大,3
连接了地铁出口处,4
大牌好东西不多,5
也没有很给力的促销,2
所以不算有吸引力,3
4號線 很方便~,3
逛了很久一点收获都没,3
其实蛮好的,3
交通方便,4
地理位置很好,5
买这买那都很方便的,5
楼里还有购物,4
品牌很多,5
基本上都有了,3
一般品牌打折的都是N年前的旧货了,4
第一次进去什么红中庭黄中庭蓝中庭的都晕了,4
Tod's,3
楼上有游戏机厅,3
CA还是挺不错的,4
他也属于百联集团的,3
唯一缺点就是在B1信号不太好,1
吃饭、购物、娱乐、休闲一应俱全,5
饭点偏后刚刚好人少,5
好开心的啦,3
在浦东聚会的话,3
要么做公交车 不怎么太方便,3
但是那股味道实在受不了啊,5
阿迪,3
那个断码,3
还有就是通过那边有股臭味,4
那里的品牌很多看的我都烟花了,5
觉得很合算,4
唱歌的,3
逛了一大圈最后买了双adidas的鞋,3
要走好长一段路,3
打道回府吧,3
还有就是楼上吃饭去,3
还有超市家乐福,4
正大还是很舒服滴 shopping 吃饭看电影k歌 一站式相当到位 只是B3竟然是停车场 我之前一直认为B3通地铁才是合适的做法 而且冷气太足 夏天最好穿多点逛 容易感冒,5
TOUP,3
有VERSACE,3
地铁2号线直达,3
有很多好吃的,5
但要有耐心慢慢淘,3
人气很旺,3
记得龙家9楼老搞特卖,4
大部分品牌的打折力度大概是五折左右,2
汇聚了陆家嘴的人气,3
地方蛮大的,3
每次去那边一次性多买一些,3
回来的时候居然停车场基本都已经满了,3
在上天桥看看东方明珠,3
逛一下特卖会,3
太大了,3
五一和圣诞夜当天都有折上折,3
久仰大名了,3
那时打折后700多）这次去奥特莱斯居然300多,4
也可以满足白领的日常消费,5
所以我每次去都是错开用餐高峰的,3
身为常驻浦西的上海人,3
吃饭都有,4
女装像burberry、雅阁斯丹、阿玛尼、宝姿等都有很大的折扣店,3
衣服鞋子化妆品小玩意配饰餐厅甜品咖啡馆冰淇淋店电影院,3
就是位置不太好找,2
真可谓争奇斗艳啊,3
只有7折,3
这边什么都有,5
找不到想逛的店,3
地下有屈臣氏和家乐福,3
很齐全,5
还分黄中庭,3
正大以前给我的感觉很好的,3
比较喜欢逛it,4
之前有展出钢铁侠,3
龙之梦让人感觉还是不错的,3
而且感觉风格有点太成熟了,2
直接团N个,4
周围交通还蛮方便的,4
也算是比较大型的了,4
可以说比来福士还好,3
库存品,3
里面基本都是大牌,4
5年了,3
交通便利,5
正大广场地理位置较好,5
环境————很宽敞的,5
累了可以找地方喝喝茶休息休息,4
吃的用的都很齐全,5
2650,3
一条龙,3
很近的,5
在这里确实能买到很多好东西,4
就比如crocs我跑到里面一愣,3
穿上朋友都说不错,3
牛仔裤的版型都蛮好,3
真的是一个超级SHOPPING MALL,5
其他都还不错(*^__^*),3
选择面很广,2
面积有十几万吧,2
宜芝多,3
还有几条地铁线路在这里,4
神奇的泰国风味没了啊T,3
门口的人要用涌来形容- -真额觉得上海的人太多了 哪里都挤得不得了,3
昨天去的,3
打折的时候买非常的划算,5
去过两次,3
很不错,4
36度的天,3
正大广场的人气应该不止在于地理位置,3
Max&Co,3
所以以后经常会来这里逛逛的,3
买鞋子很不错的,3
一定要记住车位号,4
不过东西的确做得好,2
那里样样都有,5
时间还有点早,3
需要过一个收费口,3
不过一下子逛下来累死人的啊啊,3
比较难等,4
排列很整齐,4
而且还有分店呢,4
要么就是折后还是很贵,3
很多都是冲着顶级名牌去的貌似,4
一站式体验,3
在浦东去正大购物的人是非常多的,5
最早坐落在陆家嘴的购物广场,3
穿上嘛也还可以啦,4
要逛小一天了吧,3
今天第一次去,3
就是离得太远过去挺不方便,2
没有小票也没有刷卡,2
打折也没有以前打的多,2
Hm,3
但总体还是很方便,4
有商店可以逛,4
去青浦的奥特莱斯最好还是开车去比较方便,4
一天不够,2
我喜欢自己挑衣服,5
大食代是升级版的,4
但是在折扣店就是练眼力的时候啊,3
结果车子晚出发,3
ZARE,3
逛得,3
zara,3
每次逛一逛  吃个饭 然后看个电影 回家,3
看上去小罩杯比较多,4
现在地下二楼改成了面包房,3
都没穿坏了,3
很方便,5
不然就有空多去去,3
有玩的,3
喜欢视野开阔的商场,5
最便宜的才8元,4
顺便要提下的,3
回家仔细看,3
比如Nine West的鞋子,3
停车场,4
我试了条黑色的直筒,3
环境不错,4
拿了份看看,3
交通非常方便,5
建议去莎莉亚,3
那时候工作在浦东,3
挑的都是五一 十一 过年这样的日子,3
还有运动类的啦,3
名气已经做出来了,3
也属于大型的商场,5
而且它的特点在于整栋楼下半部分基本都是专柜,5
人一直都满多的,3
非常喜欢的一家购物mall,5
还是好贵,1
人也很多,5
那时候轰动啊,3
基本日常用的化妆品都可以在里面解决了,3
因为交通不是很方便,3
很多餐厅外面都有座位,5
有点热,2
最后去超市,3
停车场是很大,4
楼上的影城可以用优惠券,4
下午时段人流量就多了,3
买东西的也有,4
貌似吃饭的生意比卖衣服的要好很多诶,3
很全的,3
说是折扣,4
基本都要等位,3
曾经是全亚洲最大的综合商场,5
在附近的海洋馆办了年卡,3
想起上海店家的节日折扣,3
每次电梯都很挤,3
coco's,3
但是最近有去了次,3
里面的品牌很多,5
牌子蛮多的,4
刚好和东方明珠也离的近,3
现在最长光顾的商场了 主要是离学校近 价位也比较适合,3
每次购物都很方便回家,3
看了大家都在买就控制不住,3
还有就是最好别周末去,5
基本上想要的都有,3
服务也是不错滴,4
品牌种类蛮多的,5
经过吃的地方直通地铁的,5
中山公园附近一家很大的购物中心,5
里面的牌子还是蛮多的,3
人多物杂,3
他家丝巾也很不错,4
逛逛还是不错的,4
因为那里环境不错,4
开心~~~,3
是个综合性的购物天堂,5
在里面可以兜上一整天,5
2号去的,3
款式不多,2
一层及以上都是卖衣服啊,3
经常在龙之梦购物,3
总投资逾30亿人民币,3
有一些画着很俗的大浓妆很NB很不屑的感觉,4
进门处的装饰会按节日的不同进行更换,4
买不起啊,2
上个月去了奥特莱斯青浦店,4
逛正大广场是我唯一的乐趣了,3
过去都没有地方停车,2
就是里面品牌的折扣稍显不够,2
胖胖买了nike的登山鞋也才499 45码的鞋 外面很难买哟,3
而且断码的很力害,5
BA 的态度也是良莠不齐,1
但是人多,3
标志非常醒目很容易找,5
甚至稍显冷清,3
比如美食楼层的洗手间,5
龙之梦商场很好找,4
后来家乐福开了,3
JAGUAR 积架/捷豹,3
地方还蛮大的~A区主要是奢侈品阿曼尼~Burberry~之类的~,3
哈哈,3
本来满怀希望的,4
想想也是,3
在这里总能找到自己想吃的东西,4
拉着BF去汤姆熊投了一会篮球,3
选择余地也很大,3
NIKE,3
过节这里一定是很热闹的,3
后来逐渐好了起来,3
地段也不错周围很多上班族会去吃饭逛衣服,5
买了件诺帝卡的长袖T恤,3
贵的东西也很多,5
每次来正大都必逛HM感觉衣服更新换代很快啊,5
会拿些饮料或者茶水给等待的顾客,3
还有一些常见的化妆品品牌,4
成果如下,3
但我不找大牌的,5
从来没有在龙之梦里面买过衣服,3
健身俱乐部,5
当然~当然~除了吃的~~其他东西也超级多的~~,3
不过最喜欢的还是地下的超市,3
挺气派的,4
十分惬意,5
而且感觉有些东西款式有些过时了,2
主要是去家乐福买东西,3
环境各方面都不错,4
一线品牌算多的,3
经常去逛的哦~,3
每层楼还有三个庭 可以说逛一天都可以,3
大型的shopping mall,5
自己不大会特意赶去那,3
高中低档的品牌全,4
每年的圣诞装饰尊的很漂亮呀,5
小裤管的不怎么便宜,2
现在国金和世贸开出之后就比较少光顾了,
每款必不错过,4
算了,3
我了然了,3
非常方便,5
终于去了传说中的奥特莱斯,3
地理位置真心好,5
用不着挤来挤去,3
BASIC HOUSE在商场打折不是很多,2
面积很大,2
在这里,3
最好转的商场,5
服务也好,5
不如小区附近的卖场实惠,4
附美图2张,3
里面吃饭的地方也不多,5
也不是特别的齐全,5
难怪双休日人那么多,3
宜芝多都开了两家,3
还是不错的一个商场,4
确是两端,3
不过整体管理还是不错的,4
那儿的农夫山泉要3元一瓶,3
差点忘了,3
人有些多,4
但是我还是不会买的,3
不过打完折还要4160元,3
不是特别便宜,2
第一排是世界一流牌子,5
当时逛了一家阿迪达斯店,4
时间多的话就一楼晃晃,3
里面空调开得很到位,5
有吃有玩,3
人气旺 地方大 但是牌子一般吧 没什么亮点和特色 人气旺 地方大 但是牌子一般吧 没什么亮点和特色,3
第一次去的时候拿着个地图,3
每天人多得不得了,3
不知道是那里的设计问题还是什么,5
里面也还是不是很大,3
人也是很多的,5
吃的店也很多,5
对折的样子,3
觉得很值,3
再去买,3
嘿嘿,3
用餐的时候那叫一个挤呀,3
很多店,5
衣服款式旧的太离谱啦,3
想直奔哪家的土豪们可以很方便的找到商店的,5
所以现在也不怎么去了,3
蛮不错的,4
反正你看着也没胃口,3
我们最后在肯德基里坐了几个小时等她们,3
坏处就是晚上经常打不到车,3
和商场搞活动的时候没什么区别,3
正大广场的面积也是很大的,3
什么品牌都有,1
就是要挤,2
可以让你挑个够,4
是个非常好的选择,5
5百,3
要不然一定不尽兴,3
作为青浦本土人士,4
一站式服务全部搞定,5
地段交通都是好的不用说了,5
那些牌子,5
大概20块就到了,3
还有一大片区域全部是儿童及婴儿产品,4
比起周末好多了,3
和男朋友买了件美津浓的POLO衫（96）和中裤（179）,3
一共9层楼,3
终于到了目的地,3
2,3
逛街逛累了,4
从市区开车出发的是导航仪带领我们来到了这里停车场不错是露天的很大很方便,4
可以一天把需要全部搞定的,3
各品牌对市场的反应速度都挺快的,4
市区内虽然有更便宜一些的特卖,4
漏雨的地方也多了,4
美食 购物 休息 娱乐,5
感觉很宽敞,4
消费水平适中,3
我和同学去购物会头晕,3
感觉都是很OUT的款式了,5
这是唯一,3
特别优惠折扣的可以看下,4
没那么细致逛过而已,3
吃的东西不错啊,4
A区都是阿玛尼之类的大牌,3
真的是好大,5
环境不错啦,4
一直听说奥特莱斯的衣服便宜,4
就比如dq有两家,3
还能看看电影看完电影还能去吃个小饭真的很不错的,3
我天生反应迟钝,3
结果我们为了回家,3
累但是却很开心,3
选择余地大,3
吃饭的地方倒挺多的,5
很大的一个综合商场,3
下午人山人海,3
还有,4
不像淮海路徐家汇那样,3
车子首先就不能停在门口了,5
算是大型娱乐购物中心了,4
吃的也很多,5
打折也不是非常厉害－　－,5
底下只有一个丝芙兰呐,3
不过,3
威尔士都健身了快3年了捏,5
8折,3
感觉越来越差,3
看电影,3
点心啊,3
唯一的好处就是营业时间比较长,2
谁让这里出来离东方明珠那么近,3
可能是太热的原因,3
很嫩啊,3
路过一次很气派,3
就是交通不是很方便,2
给人一种很不一样的感觉,5
到陆家嘴必去正大广场呃~,3
超远的一家折扣城,4
那您就自己先文明点行吗,3
那里很多人围堵着,5
因为和其他百货商场比起来没啥活动,2
穿得,3
但是这里大夏天请问开的是暖风空调吗,3
在这里基本买不了奢侈品,3
但是仔细挑挑还是可以挑出一些好货色的,3
比较喜欢去那里的欧时力,3
一会嘛红中庭,3
正大来的机会不多 家住浦西 特地到浦东来逛街 也不是很高兴,5
参加品牌有戴安芬,4
难得去次浦东,4
所以是很多大众节假日的选择,4
到了护肤的地方,3
我的靴子外面的毛毛碰到一点就变成了黑色的,1
还有条裤子,3
货物是比万源路的多,3
希望正大能让你们更多商户参加你们的会员卡积分和打折,1
偶尔有几件还是可以买的,3
地铁站出来会随意逛逛,3
交通也很方便,4
碰到打折的才买,4
到赵巷下,3
去这里逛过两次,3
算是综合性较强的商场了,4
断码比较严重,3
或者都是小个子的衣服,3
交通方便,4
带着哥哥的BABY去了一圈,3
那里吃的选择范围面很广,3
我就是冲着他品牌全,4
其实是光明正大的卖假货,3
底层的餐厅都是性价比高的,4
多到停车的地方已经绵延n远,2
阿迪\耐克像不要钱的菜市场,3
不错的地方,4
定位也都是中高端的,5
陆家嘴的好地段,3
但是,3
好大的一个销品茂啊,3
自己有车的话,3
去那边几次有两次遇到的特卖会,3
可以逛个一天呢,3
唯一不好的是,2
但是现在很多一体化的商场有一点我十分不喜欢,5
班次很密,3
哈哈,3
火锅,3
绝对是可以买到一些让自己满意的东西,5
有的冷冷清清,3
吃喝玩乐都有,5
里面吃的东西也很多,5
但是有一个缺点,3
真是翻天覆地的变化：我们年轻人所喜爱的品牌越来越多了,3
吃饭——家乐福——乱逛,3
2号线过去很方便,4
宜芝多面包(二楼也有一家),4
COACH,3
试了下音觉得挺OK的,3
经常会去1楼的丝芙兰,3
不过在正大购物折扣力度并不是特别的大,2
吃喝玩乐一应俱全,5
大裤脚的一般5折,3
逛起来有点不舒服,2
就开始逛了~,3
开车过去 其实 不远 就是沪青平到延安路高架 非常堵,5
感觉走起来也蛮吃力的,3
一次就算了,3
打折下来还可以,4
晚上看了场电影,3
sometimes new,3
像是节省成本,3
够大够宽敞,4
购物好去处,4
底下一层有易初莲花和一些像鲜竽仙一样的小食店,3
穿的,3
吃喝玩乐,5
我是特地去找一个品牌的衣服的,5
地段还是不错的,4
店铺也蛮多的,4
那就好了,3
一般连锁的都有了,3
就开始价格上去了,3
T,3
那是去的话性价比会高一点,4
楼上的饭店餐厅生意也不错,3
回来的时候仍旧走A9,3
尤其是家乐福超市,3
可谓是长宁区最大的一家综合购物商场,5
就是人多了点,3
光是看地面和地下停着的车子就能感受到人满为患的阵势了,3
又在门口地摊上买了人家自己种的草莓,4
不过品牌倒满齐全的,5
打折后的价格却与国内的相差无几,4
以前点评过的没有了,3
N年前第一次去outlets,3
吓的很多人都不敢坐了,3
昨天圣诞节嘛,3
只是我们刚到时,3
稍微人们一点的牌子 有点优惠 就是人挤人 恐怖到不行 偏一点的牌子 或者价钱贵一点的 很冷,2
偶尔来玩也就是来正大逛逛,3
地方满大,4
推荐一下,3
尤其是龙之梦,3
而且买2件还能打8,5
别在中国买,3
吃喝玩乐都有,5
吃饭的选择也多,4
很大的一个地方,3
电影院等,3
星巴克不过都要排队的,3
还有衣服品牌也挺多,4
很是喜欢,3
家乐福,3
看了下IT,4
特别是地下还有家乐福,4
中午12点不到的时候到那边的,5
东西很齐全,4
經常擠不上去,3
不过也有个小问题就是,2
好一阵的颠簸,3
昨天去的时候发现还有一些夏装,3
碰到下雨,3
升腾,3
聚会,3
来这里逛逛,3
餐饮,5
这边来的不多,5
很方便,5
也没有致歉信,3
所以每次吃饭我都选空调足的避风塘,3
很少,3
不过,3
而且有些店鋪的分佈不是很合理,2
平时相对好很多~,3
吃的喝的穿的玩的,3
还是有东西可以买的,4
好大好大哦 走进去总是迷路 我是路痴 不要理我,3
尤其是门口,5
就是人多,3
有时,3
出来周围就没什么东西了,2
从电影院到超市,3
牌子很多很全  吃的  游戏的 娱乐的很多,4
最喜欢逛得商场之一,5
看电视上介绍了他们的特卖会,5
但是去的人也超级多,5
ELAND的,3
星巴克咖啡在这种地方开生意都那么好,3
我也在乐步  Rockport 买了鞋子,3
人很多的  周末的时候人气还要旺哦,4
好像ONLY,4
什么都有,3
附近这里有IFC以后,3
买了一大堆,3
折扣也不错,4
后来我和另一亲,3
而且兜下来感觉不怎么喜欢呢,2
五折六折的,3
A区都是大牌,5
而且那家肯德基的生意平时都挺一般的,3
里面还有超市和苏宁电器,4
好舒服哦,5
也会有人去买的,3
7000大洋~~,5
但是忘记上次去的是黛安芬还是安莉芳不给试穿的,2
品牌很多,5
五花八门啥都有,3
一点不喜欢,5
跑过来这里的会不会YP多了点,3
看到一个青浦土特产店,3
商品很齐全,5
地铁234号都到的,4
不贵的东西看不上眼,4
我估计这里面关于小朋友的设置是最全的吧,3
姨妈买了个包,3
东西很多的说,5
品牌的东西是蛮多的哦、你真的能淘好多的宝宝哦,5
乱走,3
要一千多,3
除了预约,3
商场就在中山公园地铁站出口,5
所以即使是周末的时候人口密度也 不大,3
4,3
进去一看,3
经常会去正大,3
还是能买到些心仪的东西,5
嘻嘻,3
B,3
这里有个坡道也是商场的特色之一,5
很不错的一家shpping mall,4
Ferragamo,3
但是一直在里面吃东西,5
路上小堵,4
S,3
如果要逛街,3
那里和2号线连接的玫瑰坊也很有逛头,3
最近开始渐渐调整,3
很宽敞,4
而且这里位于陆家嘴金贸区,5
以保证顾客在单边4,3
实在是素质不高,3
他就会在很远的地方对着我们叫,3
整个购物广场里相当全,5
服务员都扎堆的在聊天,1
地方很大,5
价格不是很贵,2
人还是和往常一样多哦,3
其实坐3号线原来下来就是,3
而且生意也不错,3
有吃,3
打折优惠季的时候可以去逛逛~随便看看吧~,4
我不是爱赶潮流的那种,3
很喜欢逛的一个地方,5
大众消费还是要经济实惠,4
经常和闺蜜去,
人很多很多,5
感觉呼吸到新鲜空气真是一件幸事,5
中山公园的地标性建筑,5
真是搞不懂了,5
对龙之梦还是很有好感的,3
陆家嘴黄金地段啊,5
之前在陆家嘴上班,3
就是活动较少,4
大多数的衣服鞋子牌子这里都有,3
什么都有,5
觅食的又一好选择,3
以前在学校时,3
就不包了,3
一兜又是好长时间,3
但是,3
商品参差不齐,2
款式和材质都属于不错额吧^_^,5
去的时候碰到搞活动的还可以买很多东西,5
去时畅通,3
还有吃饭,3
慢慢挑真心不会,3
不是很喜欢,3
还有因为是老式的商场吧,4
里面的款式 偶都超爱   就是吃饭的地方不多,2
不怎么好,2
吃的地方也挺多~,4
停车比较麻烦些,2
终于 奇迹is coming  来了辆不知名的摇摇车说可以到2号线徐径东站  两只兔子心中的希望被重新点燃,3
到了奥特莱斯感觉停车场蛮大的,4
地下有大型超市,3
龙之梦几乎都没有,3
我估计百联要求他们都打折,4
而且这里的购物环境也比较好,5
有的时候会有现场表演,3
跟着别人走了自动扶梯~再转直达电梯,3
比较合适挑选,3
经常带我家的小胖子去汤姆熊玩,3
基本上要购买的东西都可以在龙之梦找得到,4
会有多热闹了,3
综合购物中心,5
随便逛逛消磨时间蛮好的,3
去过2次确实名不虚传,3
又分几个中庭,5
环境挺好的,5
等我养好一定来这里大采购,3
很i喜欢这个地方的,3
感觉也蛮不错的,4
我喜欢的商家里面都有,5
来这里可能是以吃饭为主,3
总有好吃的榴莲和新鲜的三文鱼还有各种水果,4
陆家嘴就是不一样,3
喜欢B1,3
一个综合的购物中心,5
人气是没话说,3
不能与其他优惠同时使用,3
尤其是特价的东东,5
不过每次都有收获,3
离地铁站很近,5
MM们太疯狂了,3
每一层都有固定的品牌,4
价格也不是很优惠,2
大众or小众品牌也基本覆盖较全,4
和民、普京制造、唐宫都不错,3
玩的,3
世界名牌的咱买不起,2
头晕,2
风景一个字----嗲,5
499两条,3
商场里的设施很齐全,5
平时就在这附近上班了 有空就去逛逛  里面环境还不错 有商场也有超市  蛮喜欢的,4
在里面吃喝玩乐都有了~~~消磨时间的好去处~~,4
尤其是小店,5
折扣力度不是很大,2
B区的商品还是蛮不错的,4
对,3
而且去的时候发现人也没得,5
就是路上要1HR 有点远啊,2
平时路过总是会来兜兜的,3
正大广场24万平方的面积还是首屈一指的,5
上次主要是要去中山公园办事,3
正大广场现在永远是人多,3
逛街吃饭两不误,3
赞的~~~楼下也有永乐,3
有几家店很喜欢逛,3
这个奥特莱斯很大,4
现在新开出来很多店了 8楼 鹿港小镇啊之类的,3
淑女屋,3
有的店有当季新款,3
不过过去看看还是不错的,4
很不方便,5
但是如果TAO到好的还是很划算的,3
还有coach的服务很好,4
青浦本地人,3
而且环境相当好,5
有吃有玩,3
是我较喜欢逛的一家商场,5
而里面的营业员各个像看贼意义的看人,5
没车的朋友就不推荐去了,3
地段比较好,4
真的不是虚的,2
肯德基真是难吃的要命,1
男装和鞋子还是不错的,4
H&M、阿迪,3
但这家那么大的商场却没有母婴室,3
好地方啊,4
不过现在他们开始慢慢的上了正轨,3
大家看自己喜欢的牌子就可以下手了,3
又离家很近 经常会去 如果能再有个ZARA和MANGO 就好噜 呵呵,3
基本上想的到的都有额～ 就是人太多了,2
朋友家就住在那里附近,3
品牌众多,5
节假日正门口,4
但是做生意不失稳赚的,3
选择余地比较大,4
每次去到正大广场就要逛很久,3
在水平面上连接各个中庭,5
每次过去,3
经常去,3
终于打到车子了,3
不过人气还是非常旺,3
离开人广也就20km,3
嘻~,3
还有折上折,4
吃的,3
推荐产品:购物吃饭家乐福衣服HM综合商场美食可以刷卡,5
停车没有优惠 比较吭,2
交通方便,4
就去过一次,3
从地下一层的小吃,3
龙之梦有点不好就是太乱了,2
在酒足饭饱之后还可以步行300米到旁边的中山公园里面小散步一番,3
个人比较喜欢望湘园,3
延安高架-沪青平公路,3
交通也很便利,5
标示也不是很清楚,2
才有一个真真的感受,3
每天上下班必经之地,3
一直听到OUTLETS的大名啦~~然后我朋友就带我去了一次,3
还是以前的样子,3
8,3
早就听说这里东西便宜了,4
呵呵,3
以前觉得它很大,3
这也就算了,3
偶然间去了一次,3
像一些运动品牌虽说折扣比较大,4
很齐全的一个shoppingmall,5
龙之梦现在越来越不灵了,3
经常会淘到非常超值的好东西,5
人流很多,3
分了很多个厅,5
正大算是陆家嘴商圈比较老牌子的一个商业广场了,4
但是整体布局有些乱,2
一部车就到了,3
太远了不方便,2
算挺顺利,4
很多店面相当冷清,5
醒目,3
吃饭购物,3
潮流的品牌很多,5
布置得是很美的,5
我宁愿托人到国外去买或者到香港去购买,3
这里的东西还是蛮齐全的 地铁轻轨下来也很方便~就是离我家远了点 所以很少来这里逛O(∩_∩)O~一般都是大家约好了会过来,3
好吧现在写,3
还是蛮不错的,4
小宝家附近最繁华的商圈,3
使用规则：买新品满400元可减100元,3
油漆桶什么的就随便丢在路上,4
楼上有电影院,3
到时候秋天了再去逛逛淘点衣服,3
太赞了,3
除非真的要奢侈一下买大品牌,5
地铁出来很方便,5
一站式的感觉,3
应该很多人都是开车来的,3
还只买了一条miss sixty的牛仔裤,3
卜蜂莲花的东西有点小贵,2
雖說是折扣商品,5
哈哈,3
这是我最大的一个感受,5
那儿人很多,3
地下和1楼,3
尤其是这种折扣店,5
但是质量很好,4
味道不正宗,3
这地方绝对要开车来,5
折扣力度貌似不是很大,2
没啥便宜的,2
还配有指路牌,4
泡在里面一整天还是不错的,4
大多打对折,3
逛累了就吃个饭或者看看电影,3
很实惠,4
地段很好 设施很齐全 购物餐饮电影院  游戏机还有超市 都有 属于很齐全的shopping mall 感觉蛮好的 开了很久了,5
里面还可以用消费卡,5
坐轨交三站路就到了,3
有许多家旗舰店,5
然后去看了下COACH,3
但是真的喜欢的衣服真心不多,1
但是有个同学很喜欢这个品牌,3
这两天天气不太好门口打车都要等好长时间,3
9楼的特卖会也十分合算而且常年举行,5
顺便就在这逛了逛,3
的确是舒服,5
说不好就有你合适的衣服呢,3
毕竟店很多,5
不过环境很一般,5
非常大的商场,5
路远,3
再看下衣服,3
学校离得比较近 去还是很方便的 就是松江的公交车很挤很慢,4
很多店門口就開始排隊,3
繁华之地,3
感觉这里就是个神奇的地方,3
DKNY里面放的都是夏装,5
蛮YP的感觉,5
赞一个,3
因为学校在那里,3
好好淘,3
建议还是选择不那么冷门的熟食种类吧,3
就会想来浦东溜溜的~~,4
所以一定要去,3
抱着去玩玩  去看看的心态,3
楼下还有超大型的超市,3
能淘到不少好东东哦,4
好多好多饭店哦,4
淘还是能淘到一些性价比比较高的东东,4
整个环境冷清得压抑,5
和门口的四幅兰,5
肯德基,3
牌子有点奇怪,2
商场很大,4
我们逛了一个下午没有丝毫收获,3
只买了2双男鞋,3
辛苦LG了,3
很喜欢正大,3
本来打算买钱包和包包的,3
在长宁区属于比较有名的大型百货,3
又不想一边撑伞一遍逛,3
都在5折左右的,3
第一次去是听同事说那边的coach折扣比较多,4
看看电影,3
是一家综合性商城,5
集实用和观赏性融为一体,3
离公司比较近的商场,3
看重的一款衣服开始的时候没买后来在去的时候却被别人买走了,3
品牌很难找~,1
大概集合了吃喝玩乐的所有功能,4
就是每次特卖会的商品都很类似,5
看了其它MM的评价,3
但现在还是容易迷路的,3
而且人比较少,4
最喜歡吃完飯後一層一層樓逛下來,3
在陆家嘴那么多看了 看着正大广场的变化 有时几个星期没来 又发现正大的商户又有变动了,3
遇到节假日,3
有专卖店也有一些不知名的牌子,5
不过吃的地方倒还是蛮多的,4
相对国金来说消费水平还可以接受的,3
~,3
下次一定要淘一样让爸妈买单~~嘿嘿,3
环境非常好～没事去逛逛～不过包包要有足够的Money才行哦,5
店里的冷气超足,4
不想很多商场,5
或者是楼上一点的爱晚亭,3
很方便,5
不过里面却是大,2
其他都还不错,4
就是感觉里面太大,1
最高层经常有特卖会,3
比较适合年轻人的店,3
一般都是晚上约朋友一起去逛逛 吃个饭,3
刚去的时候老是会逛的找不到北,3
要找什么那是很难找啊,3
地方很大,5
部門組織活動早上去采草莓下午就順大便去奧特萊斯兜了一圈,3
还有露天的小亭子,4
靠近中山公园,3
大力发展公共交通是唯一出路,3
有点偏远,2
建成之后也形成了一个商圈,3
很多都会在门口的天桥那里拍照留念,5
希望大家和我的感受一样,3
现在比当初开业时要热闹不少,3
以前小时候只知道来正大的底层超市买点零食什么的,3
哎呀,3
不错,4
要看的,3
也是朋友介绍说那里可以买到很便宜的品牌服装,4
一站式商场哦,3
一双凉鞋,3
各种品牌都有,5
楼上还有电影院,3
要是都能互通该多好啊~~哈哈,3
地方很大就一直绕啊绕啊,3
如此齐全的设施,4
品牌挺齐全的,5
你直接套餐不就完了,5
在点餐前就要出示本券,3
B1有个家乐福超市,3
不然倒是会经常来,3
这里390拿下,5
如果能象百盛那样定期搞些商场活动人气毕竟会更旺,3
首先,3
我去过好几次,3
下面还有个家乐福,4
把我和宝宝往边上一推,3
经常去那儿唱歌等,3
国外的三线品牌感觉折扣还不错,4
衣服穿着很舒服,5
有购物,3
不错,4
连接地铁口交通非常方便,5
就不会再去第二次了,3
在长宁住了一段时间,3
来到这家正大 地下停车场收费高 气味重,3
逛逛,3
反正是吃喝玩乐都齐全了,4
人多,3
最近是不会去了,3
说实话那么多店家,3
都是不大好看的,2
还是很方便的,4
如Motiv,3
交通也比较便利,5
特别是新开的TATA几个鞋店,3
但餐饮店铺太少,5
爸妈都说好看所以买了,4
我反正么看上,3
如果下午去的话可能会停不到车位的,3
里面餐饮丰富,5
餐馆,3
入驻的服饰连锁品牌很多,4
麻麻一直念叨着来这里逛,3
买生活用品可以在商场,4
不过看上的衣服折扣并没有传说中那么大,2
春暖花开的天气最好啦,5
有的店家生意还是可以的,3
环境也不错不是很吵,4
Armani,3
最值得留念的是在这里见了我都偶像5566,5
很干净,4
顺便去超市买些吃的回去,3
不过如果不是很讲究什么当季的款,3
就是很大,3
发现明显没有性价比~~收入水平不到位啊,5
收获AD鞋子一双,3
感觉逛街逛得没那么惬意,5
人确实多,4
这家是比较大的,3
有点可惜啊,3
喜欢这里反斗城特别的大,5
四年前去过,3
上次和66同学一起啦看了【盗梦空间】,3
有很多的泰国食品,4
关门都较早,3
累了就在椅子上休息,4
H&M C&A里面,5
心情真是无比的爽啊,3
9楼一直在搞活动,4
和爸妈来过几次,3
大人小人,3
同事突然说到那里便宜东西多,2
没想到来到上海来了这种地方到处都是,3
实在没什么好挑剔的~~,3
2009,3
差差差,1
品牌很多,5
商场很大,4
地下屈臣氏旁边的特里和在卖圣诞的东西,3
吃饭,3
每次去都是莫劳劳的人,3
一天逛不够,2
电影,3
一般聚会吃饭还可以,3
就是米有喜欢的东西啊,5
还有电影院~,3
也应该的啦,3
而这边的衣服我也不知道是多少年前的款了,3
选了衬衣,3
一直堵到奥特来入口处,3
而其他楼层还有不同的饭店可供选择,4
老公又挑了一条,3
也不知道真假~~~~~~~感觉有点乱,2
走了会儿看到有免费地图的,4
没法经常去,
里面服务员态度好的没话说,5
商厦里面有家书店感觉不错,4
吃喝拉撒样样俱全,5
简单的说,3
长峰商城运用了现代化的商业理念,5
第一次到赵巷的奥特莱斯,4
还蛮吸引人的,3
感觉A区是大牌但是感觉品牌还是不够多和全地方也不大,2
不仅仅因为离滨江大道近,3
只有零零散散的几个了,3
总之是一个好SHOPPING的地方,5
不过也由于开了很多吃的店吧,4
我们过去么主要吃点东西的,4
餐饮和购物一应俱全,5
每次都喜欢站在1楼往下看 看蛋蛋屋 我也不知道为什么,3
我怕是要在里头假装逛商场直到天黑了,3
而且几家都属于旗舰店 规模相当,5
他们家还是旧款的,5
MD,3
Armani,3
正大2件事 一是电影 二是吃,3
近年来好像对正大的印象就是吃,3
只是开心不变,3
当然总是我这个早下班的孩子去等位子的╮(╯▽╰)╭,3
可能比较适合白领一族吧,3
上周带外教去了一次,5
但基本每次都收获颇丰,3
地方很大,5
很大的,3
大概是我不会掏吧,3
但每次都是人满为患,3
现在是越来越红火了,3
事实证明,3
还是在HK或者国外买吧,3
地方挺大,4
有一次陪同学去那里逛过,3
商品超级贵了,5
会来这里逛逛,3
不需要再去其他地方,3
a little dizzy,3
坐落于偏远的赵巷,3
嘿嘿,3
最好早点去,5
基本上每次来都没有购物的欲望~,3
电影,3
总共9层吧,3
还不错的一家广场,4
鞋子原价5\6千可以淘到1000多,4
吃喝玩乐都有了,5
其它一些二三线牌子就仁者见仁,4
购物欲望随着年龄增加急剧下降呀,4
然后再吃点东西,3
或者傍晚人也走的差不多了,3
如果巧的话,3
这个商场很齐全,5
check in也不如想象中快,3
也可以去卜蜂莲花超市,3
交通很方便,4
食,3
空调不给力,3
有点可惜,3
还有购买力,3
打折的力度也不算小,2
不过9楼的特卖就不敢恭维了,4
看电影的也有,3
娱乐一体,5
特别是双休日的中餐和晚餐高峰,5
就是客梯,2
有免费的区域平面导购地图可以拿,4
可能他里面的品牌太多了吧,5
还是在下面几层逛逛就好了,3
只在原价上打七折,4
品牌齐全,5
还不时有许多活动会在这里面举行,5
老公一直嘟囔说饿了,3
赞,3
还有好玩的、好逛的,3
记得我最后一次去是在08年夏天,3
到了B区看中套西装打折完大概1600,4
5F以上主要就是吃饭的地方—— 喜多屋   唐宫海鲜舫  广州蕉叶  小南国   代官山  鹿港小镇等等~,4
阳光明媚,3
都是世界性的大品牌,4
活动也多,4
很好很强大,3
而且一些大牌打折下来比国外正价还贵,4
#ERROR!,3
楼上的特卖会很烂,3
就可以到了,4
人流不多不少,3
交通很方便,4
每次看到红蓝黄三个中庭就头晕,5
到日常穿着的品牌都有,5
有些让人摸不着方向的感觉,4
希望多搞点实在的打折活动,4
B区和C区人比较多可以看看的,3
Givenchy,3
就看你平时领不领行情了,3
吃的嘛现在没什么太多的推荐,3
但是到那里感觉还是很开心的,3
环境挺好的一个综合性商场,5
不是去吃就是去买东西,2
呵呵,3
这样折腾消费者,3
H&M每次必去,3
还有个家乐福,4
正大广场貌似是陆家嘴最以前的大型综合性购物商场了,5
就是样式老套些,4
正大是自己常逛的一个综合商场 占地面积挺大的 里面的商铺也很多 如果你认真的逛每一个店 那么逛完所有的店铺差不多需要一天得时间 装修风格整洁明亮 商铺之间间隔也算宽敞 让人逛起来还算满舒适的 不会让人感觉很拥挤 下面有个大型超市 大多以进口商品为主 但是我自己去过几次 明显生意不如改造前的好 估计是商品的价位太高 一般打工阶层还是承受不住的 老早比较平民化的设计 一早总是看到有很多附近的居民去采购特价品大包小包的出来 然后有班车的定点接送 一楼开的丝芙兰生意很好 每次去里面总有许多人 因为里面可以买到一些外面买不到的牌子 然后里面的zara hm都是属于比较平民化的价格 虽然里面有很多品牌 但是我个人一般逛的也就那几个 优衣库 无印良品 mango text tube还有三层半的布兰施 靠近滨江大道的那一边很少去逛 感觉要走好长一段路 真心不高兴 而且那边也么有特别喜欢的牌子 这边和大多数商场一样 下面的各种品牌服饰集合  上面都是餐饮 自己吃过的有广州蕉叶 唐宫海鲜舫 炉边谈情 俏江南 港丽餐厅等 其实这种连锁店哪家味道都差不多 关键是看吃饭环境 靠近滨江那边的餐厅不错 如果有幸坐到景观位 吃吃饭 聊聊天 看看夜景 真的不错的 然后再上去有卡通乐乐园 大众书店 威尔士健身中心 还有塑体中心 对了 还有一个星美影院 所以这里真的相当于一站式服务了 可以先逛 然后吃饭 然后再电影,5
下面逛好商场,4
整个商场里的人也不算很多,4
就是款式不是很时尚,2
KTV,3
这个不错,3
顺便来逛一圈,3
离家里最近的一家大型购物中心,4
而且除了大牌的其他折扣力度和商场最低时几乎一样,5
优衣库经常去逛,3
遇上想买的很划算,4
九楼长年做促销活动,4
可以说正大广场已经是一个非常成功的shoppingmall 了,3
早上的人比较少,4
一站式购物哈~里面的牌子还可以,4
前段时间NINA首次来中国就来正大出席的活动,3
经常来的,3
毕业10年了,3
地下有易初莲花,3
吃饭的地方太少了,2
九楼的特卖场没啥逛头,4
net,3
还是不要再去了,3
总体来说满好的,4
唯一的感觉就是啥都贵,2
楼上吃的好多,5
综合性商场购物、吃饭、超市一应俱全,5
顺带喝杯咖啡逛逛滨江大道,3
想去买些运动品牌的衣服,4
终于等到电话顺路把我那个维修了将近快2个月的鳄鱼包取回来了,3
得提早提早再提早,3
上次团的贝尔多爸爸泡芙也在正大有得领,3
远么远的要死,3
这快放假了去兜兜,3
能想到的牌子几乎里面全有了,3
高级白领出没,5
正大人真多,3
黄庭蓝庭什么的有点搞不清楚怎么找,2
单位组织去青浦玩,4
不是之一,2
前提是道路通畅,3
看中的衣服都是4位数的价格,4
价格也不贵,4
KFC里面的雪顶咖啡,5
就是人太多,2
环境还是不错的,4
龙之梦真心很大,3
还要先进去下楼,3
但是折扣低的商铺里的东西太陈旧,4
可以在里面消磨一整天呢,4
团购价格也很公道的,4
背包,3
没见过比这边跟容易找到的上下楼梯了,5
也有不少大众化的品牌,4
只能说,3
这个停车场就是贵,1
提示人们这里算半个化外之地,5
很多好吃的也在正在有分店,5
不过打折的时候很乱,4
又去哈根达斯坐了坐,3
分区的,4
一般逛街总喜欢去龙之梦,3
吃吃饭、逛逛街、看看电影,3
在里面吃喝玩乐可以消磨一整天的时间,5
太执着了,3
原价4100,3
价钱真的很便宜,5
来到这里一看,3
但是龙之梦竟然不开空调,3
而且口碑一直很好,3
运动品品牌居多~而且折扣也是运动品牌力度稍大一些3~5折,4
你允许它存在,3
打完折扣后也要好几千,4
略贵,2
他没有恒隆的那种拘束,3
她却总能发现好看的衣服,4
只是有点远 不过还好 那里停车都没收钱,2
拍照啊什么的,3
交通也很方便,4
不过偶尔也能挑到物美价廉的,3
离外滩也很近,3
地理位置不错的吃喝玩乐地~,5
楼下的各种小吃摊位很有人气,4
那么好的大厦,3
就是有一些货,4
相当大,5
Certainly not bad,3
品种蛮全的,4
牌子很多,4
是店铺式的,4
不是家家都有半码的,2